tourney_name,winner_id,winner_hand,winner_ht,winner_ioc,winner_age,winner_rank,winner_rank_points,loser_id,loser_hand,loser_ht,loser_ioc,loser_age,loser_rank,loser_rank_points,score,round,minutes,w_ace,w_df,w_svpt,w_1stIn,w_1stWon,w_2ndWon,w_SvGms,w_bpSaved,w_bpFaced,l_ace,l_df,l_svpt,l_1stIn,l_1stWon,l_2ndWon,l_SvGms,l_bpSaved,l_bpFaced
Wimbledon,104925,R,188,SRB,28.10403833,1,13845,104259,R,178,GER,31.70157426,33,1195,6-4 6-4 6-4,R128,,12,1,84,61,46,13,15,7,9,6,4,103,66,42,17,15,7,12
Wimbledon,103813,L,185,FIN,33.93292266,92,564,103720,R,180,AUS,34.34086242,118,465,3-6 6-3 4-6 6-0 11-9,R128,,10,4,172,117,77,26,27,10,17,12,9,182,100,71,31,27,12,22
Wimbledon,105732,R,,FRA,24.28199863,151,353,111202,U,,KOR,19.11019849,79,671,1-6 6-2 3-6 6-2 10-8,R128,,23,17,148,72,56,34,25,9,15,8,9,170,105,73,30,25,13,20
Wimbledon,106071,R,193,AUS,22.68583162,26,1355,105526,R,,GER,25.17727584,112,478,6-3 3-6 2-6 6-2 6-3,R128,,19,3,128,94,65,18,22,7,11,25,15,134,80,61,20,21,9,14
Wimbledon,104919,R,188,ARG,28.12320329,21,1605,106423,R,,AUS,19.21697467,71,723,7-6(7) 7-6(3) 6-4,R128,,15,3,116,75,60,23,17,2,3,5,4,132,81,61,22,17,8,10
Wimbledon,104719,R,190,ESP,29.2128679,72,715,104386,R,180,SRB,31.01711157,486,76,6-3 6-4 6-2,R128,,4,3,105,75,54,12,14,8,9,4,1,89,49,26,23,13,6,11
Wimbledon,104947,R,190,TUR,28.04928131,82,647,105668,R,203,POL,24.62422998,47,975,7-6(4) 6-4 6-7(4) 6-3,R128,,15,4,136,90,73,24,22,2,3,13,7,139,84,64,28,21,3,6
Wimbledon,104731,R,203,RSA,29.11430527,14,2090,106298,R,,FRA,21.34428474,96,539,6-2 7-5 3-6 6-3,R128,,23,9,107,62,54,23,19,5,7,6,8,130,65,47,29,19,5,10
Wimbledon,105227,R,198,CRO,26.74880219,9,3540,105655,R,,JPN,24.7008898,174,294,6-3 6-2 7-6(4),R128,,15,2,89,59,49,15,15,2,3,3,1,91,63,39,13,14,3,7
Wimbledon,105575,R,175,LTU,25.02121834,90,577,104890,R,190,AUT,28.27104723,57,857,6-2 5-2 RET,R128,,5,1,39,22,17,14,7,1,1,5,5,51,30,19,7,8,1,5
Wimbledon,105051,R,188,AUS,27.58932238,148,367,105641,L,,SLO,24.73100616,93,549,6-2 6-1 6-4,R128,,6,2,70,45,36,17,13,0,0,8,3,88,56,33,15,12,8,13
Wimbledon,104545,R,206,USA,30.17385353,17,1890,104424,R,178,JPN,30.81177276,91,575,7-6(5) 6-4 6-4,R128,,38,3,83,68,63,7,16,1,1,2,4,91,47,41,24,16,0,2
Wimbledon,106045,R,180,USA,22.86379192,105,496,104655,R,180,URU,29.48939083,23,1502,6-7(4) 4-6 6-3 6-2 6-2,R128,,14,7,140,75,58,40,24,5,7,9,6,153,76,54,36,23,7,13
Wimbledon,100644,R,,GER,18.19028063,74,689,104559,R,188,RUS,30.09993155,53,882,6-3 1-6 6-3 3-6 9-7,R128,,19,11,183,123,89,23,25,6,11,13,9,156,83,66,34,25,8,13
Wimbledon,105053,R,188,COL,27.58658453,60,790,105154,R,193,BRA,27.08829569,81,650,6-4 6-3 6-2,R128,,7,0,81,56,36,17,14,3,5,7,5,97,53,33,18,13,8,14
Wimbledon,105453,R,178,JPN,25.49760438,5,5660,104620,R,183,ITA,29.72210815,55,871,6-3 6-7(4) 6-2 3-6 6-3,R128,,14,4,138,82,61,38,23,3,4,12,4,153,103,71,26,24,7,12
Wimbledon,104527,R,183,SUI,30.2532512,4,5790,105311,R,,POR,26.2477755,46,986,6-2 7-5 7-6(3),R128,,25,3,93,56,48,23,16,0,0,1,4,108,67,48,18,16,6,9
Wimbledon,103607,R,173,DOM,34.90485969,48,941,103794,R,178,GER,34.03422313,51,905,5-7 6-1 6-4 6-4,R128,,11,6,111,66,54,25,20,5,7,11,7,126,89,65,13,19,7,12
Wimbledon,104269,L,188,ESP,31.61943874,43,1045,105373,L,190,SVK,25.96577687,39,1100,4-6 6-2 6-3 6-7(5) 13-11,R128,,27,10,189,118,96,41,32,9,10,10,10,209,138,106,30,31,12,16
Wimbledon,106233,R,,AUT,21.81793292,30,1235,104534,R,175,ISR,30.23408624,85,617,2-6 6-3 6-4 6-4,R128,,10,3,116,76,59,16,19,3,6,1,1,99,58,40,26,18,5,9
Wimbledon,105357,R,183,AUS,26.03969884,120,463,103990,R,180,ESP,33.16084873,19,1710,6-2 6-3 6-4,R128,,5,0,72,51,41,15,14,0,0,8,3,76,45,32,14,13,6,10
Wimbledon,104571,R,183,CYP,30.03148528,54,880,105385,L,183,USA,25.93292266,58,830,5-7 6-2 6-4 6-4,R128,,11,5,113,69,50,29,20,1,3,3,6,124,81,55,21,20,8,13
Wimbledon,106281,L,,GBR,21.48117728,182,282,104594,R,194,AUS,29.88911704,138,391,5-7 4-6 6-3 6-2 6-3,R128,,14,8,143,77,59,36,24,7,11,6,5,159,97,61,30,24,12,19
Wimbledon,105676,R,163,BEL,24.55852156,15,2010,104547,L,188,ARG,30.17111567,128,431,7-6(4) 6-1 6-1,R128,,17,5,79,51,45,17,13,2,2,8,1,95,71,43,8,13,8,13
Wimbledon,105777,R,188,BUL,24.12046543,11,2600,105643,L,190,ARG,24.73100616,73,691,6-3 6-0 6-4,R128,,6,2,66,35,32,22,13,2,2,3,3,92,62,35,13,12,8,13
Wimbledon,105449,R,188,USA,25.51129363,52,895,105041,R,185,SVK,27.65229295,94,548,6-3 6-7(5) 4-6 6-1 6-4,R128,,33,10,155,84,74,38,25,8,9,10,6,152,101,75,26,23,7,11
Wimbledon,104932,L,203,FRA,28.08487337,163,320,105441,L,,AUS,25.56605065,160,323,4-6 4-6 7-6(4) 6-4 6-4,R128,,19,5,151,105,80,26,26,2,4,22,1,149,95,77,29,26,5,7
Wimbledon,104755,R,185,FRA,29.0294319,20,1610,106291,R,,AUS,21.40451745,183,280,6-3 6-2 6-2,R128,,5,3,76,40,32,23,13,2,2,2,7,79,41,23,18,12,6,11
Wimbledon,106401,R,,AUS,20.1724846,29,1245,106043,R,,ARG,22.86652977,64,760,6-0 6-2 7-6(6),R128,,12,3,77,44,35,20,13,0,1,2,2,82,50,31,14,13,7,13
Wimbledon,104338,R,185,ARG,31.24982888,35,1170,104252,R,190,GER,31.73169062,294,163,6-1 6-2 6-4,R128,,5,5,87,65,51,11,13,7,7,4,1,83,49,28,16,12,5,10
Wimbledon,103163,R,188,GER,37.23750856,861,20,105583,R,180,SRB,24.99657769,86,615,6-2 6-3 4-6 6-2,R128,,5,3,103,75,61,11,18,6,8,6,1,98,66,36,20,17,8,14
Wimbledon,105683,R,196,CAN,24.50376454,8,4440,104593,R,185,ESP,29.89185489,63,763,6-2 6-3 3-6 7-6(4),R128,,25,4,115,78,64,18,19,2,3,13,1,115,70,52,27,19,6,9
Wimbledon,104868,R,190,GBR,28.38329911,111,483,104563,U,,ITA,30.06707734,113,478,6-7(4) 6-2 6-4 6-3,R128,,14,2,122,76,59,29,19,6,6,16,9,116,65,51,25,20,3,8
Wimbledon,106210,L,,CZE,21.96851472,45,990,103893,R,183,ITA,33.53593429,89,588,7-6(7) 7-6(6) 6-4,R128,,14,2,109,70,54,25,17,4,5,6,3,111,69,54,19,17,2,4
Wimbledon,105577,R,193,CAN,25.01574264,56,870,104672,L,173,FRA,29.40999316,213,234,7-6(2) 3-6 6-7(4) 7-6(4) 6-3,R128,,25,8,181,115,98,32,27,7,9,7,3,163,93,78,43,27,6,8
Wimbledon,104926,R,178,ITA,28.09856263,28,1250,105065,R,175,USA,27.49623546,77,682,6-4 6-3 6-2,R128,,1,4,83,48,33,19,13,4,6,5,6,88,44,25,21,14,10,17
Wimbledon,104678,R,193,SRB,29.3798768,24,1494,104873,R,,KAZ,28.36687201,123,457,6-1 6-4 3-6 6-3,R128,,14,2,96,68,53,17,18,4,6,4,3,92,64,48,11,17,4,9
Wimbledon,105379,R,181,GBR,25.94661191,75,688,103285,R,185,CZE,36.58590007,203,242,7-5 1-6 4-6 6-3 6-4,R128,,22,6,144,84,63,34,24,3,6,8,4,142,86,64,33,24,5,8
Wimbledon,104460,R,196,GER,30.55441478,102,509,104229,R,180,TPE,31.87405886,61,789,3-6 6-3 7-5 6-4,R128,,16,9,118,73,59,21,20,3,5,7,2,120,78,54,22,20,9,13
Wimbledon,104745,L,185,ESP,29.07049966,10,3135,105064,L,188,BRA,27.49623546,42,1065,6-4 6-2 6-4,R128,,1,5,83,49,32,22,14,4,6,6,2,83,38,24,21,14,6,12
Wimbledon,104542,R,188,FRA,30.19849418,12,2565,104180,L,193,LUX,32.13963039,44,1023,7-6(8) 6-7(3) 6-4 3-6 6-2,R128,,38,4,147,92,82,30,25,4,5,27,13,195,117,91,36,26,13,16
Wimbledon,105077,L,188,ESP,27.44695414,65,758,104797,R,188,UZB,28.80766598,62,780,6-2 6-2 3-2 RET,R128,,3,1,60,31,25,20,10,3,3,2,0,72,39,25,13,11,4,9
Wimbledon,105238,R,180,UKR,26.63928816,70,740,106378,R,,GBR,20.47091034,101,509,7-6(4) 6-1 6-2,R128,,8,6,89,59,45,18,14,2,3,4,2,97,67,41,10,13,6,11
Wimbledon,103333,R,208,CRO,36.33127995,25,1385,111200,R,,SWE,19.21697467,133,417,6-7(2) 6-2 6-4 7-6(2),R128,,42,8,124,76,70,26,21,1,1,7,8,142,85,65,27,21,4,7
Wimbledon,104312,R,190,ITA,31.35112936,27,1280,105454,R,183,AUS,25.49212868,177,292,6-3 6-2 6-2,R128,,5,1,66,41,36,16,13,0,0,8,7,74,47,30,10,12,6,11
Wimbledon,106432,R,,CRO,18.6201232,40,1080,104660,R,193,UKR,29.47570157,49,929,4-6 7-6(5) 6-2 1-6 9-7,R128,,9,9,170,92,68,42,26,7,11,17,6,164,105,85,25,27,11,15
Wimbledon,104898,R,190,NED,28.22997947,78,681,104268,L,185,COL,31.62217659,130,423,6-2 3-6 6-4 6-2,R128,,10,5,107,60,44,25,17,6,8,2,6,113,70,44,20,18,2,8
Wimbledon,104918,R,190,GBR,28.12320329,3,7450,105062,R,183,KAZ,27.50718686,59,827,6-4 7-6(3) 6-4,R128,,14,3,95,62,47,16,16,4,7,4,3,109,62,39,22,16,2,7
Wimbledon,104607,R,196,CZE,29.77960301,6,5050,104871,R,188,FRA,28.37508556,38,1120,6-2 6-7(8) 7-6(3) 7-6(5),R128,,16,2,136,89,78,27,22,4,5,19,3,156,108,85,21,22,7,10
Wimbledon,103917,R,190,FRA,33.43463381,66,756,105936,R,185,SRB,23.33470226,122,457,7-6(4) 6-4 3-6 7-5,R128,,14,6,137,87,69,25,21,4,5,13,6,140,83,63,31,22,3,5
Wimbledon,104586,R,196,CZE,29.9301848,41,1067,105208,R,190,LAT,26.82819986,83,645,7-6(2) 6-3 7-6(4),R128,,14,10,112,62,48,28,16,5,7,13,10,131,76,54,24,17,11,15
Wimbledon,104665,R,180,ESP,29.42915811,37,1125,104198,R,188,ESP,32.06844627,32,1210,3-6 6-4 3-6 7-5 6-4,R128,,7,5,143,84,63,35,25,2,5,17,7,145,85,67,30,25,5,8
Wimbledon,104792,R,193,FRA,28.82409309,18,1885,105807,R,,ESP,23.96440794,67,755,6-4 6-4 7-5,R128,,17,3,81,52,48,18,16,1,1,6,2,101,65,43,20,16,4,7
Wimbledon,105173,L,183,FRA,26.99794661,34,1188,103582,L,193,GER,34.99247091,139,386,6-7(4) 6-0 6-4 6-1,R128,,7,2,104,63,49,30,18,5,6,12,12,124,72,43,24,17,8,15
Wimbledon,104882,R,188,SLO,28.31759069,107,488,105216,R,,JPN,26.7761807,149,362,7-6(3) 6-3 7-6(5),R128,,13,4,112,78,58,16,16,6,10,4,9,108,55,36,27,17,2,8
Wimbledon,104468,R,183,FRA,30.50239562,13,2435,104597,R,183,ESP,29.85352498,145,370,6-4 6-4 7-5,R128,,12,3,99,61,52,19,16,2,2,11,5,98,63,43,23,16,5,8
Wimbledon,103852,L,188,ESP,33.77138946,16,1935,104327,R,178,BEL,31.2936345,80,664,6-2 7-6(4) 6-4,R128,,14,2,88,52,43,26,15,1,1,11,3,104,69,49,18,15,6,9
Wimbledon,105932,R,,RUS,23.34565366,153,351,105487,L,,ARG,25.33333333,137,397,6-4 7-6(3) 6-2,R128,,2,5,102,70,52,19,15,5,6,7,4,97,54,39,20,15,3,7
Wimbledon,105332,R,196,FRA,26.14099932,68,745,104022,R,183,RUS,33.01026694,76,685,6-4 6-4 6-3,R128,,5,1,84,44,36,25,14,5,6,0,7,97,56,34,20,15,6,11
Wimbledon,105138,R,,ESP,27.20602327,22,1545,105074,L,,BEL,27.45516769,95,541,6-1 6-3 7-6(6),R128,,8,4,77,49,43,16,14,0,1,1,3,87,43,29,22,14,2,7
Wimbledon,105032,R,,AUS,27.69336071,69,743,106058,R,185,USA,22.75975359,31,1215,6-3 3-6 6-3 6-3,R128,,16,4,93,56,51,22,18,2,3,4,9,112,57,41,30,18,11,15
Wimbledon,105902,R,183,AUS,23.43600274,87,594,104291,R,185,TUN,31.43874059,84,622,7-6(2) 6-2 3-6 3-6 7-5,R128,,11,9,147,67,51,50,25,4,9,7,10,166,94,67,35,25,7,12
Wimbledon,105023,R,198,USA,27.72621492,36,1140,104997,R,190,NED,27.86310746,170,310,7-5 6-3 6-4,R128,,30,3,74,44,41,23,16,0,0,4,9,105,64,41,23,15,9,12
Wimbledon,103819,R,185,SUI,33.88911704,2,9665,106000,R,172,BIH,23.10746064,88,593,6-1 6-3 6-3,R128,,6,0,64,41,35,17,13,0,0,2,8,69,41,27,8,12,5,10
Wimbledon,104925,R,188,SRB,28.10403833,1,13845,103813,L,185,FIN,33.93292266,92,564,6-4 6-2 6-3,R64,,8,1,73,50,39,17,14,0,1,2,2,87,59,36,12,13,9,14
Wimbledon,106071,R,193,AUS,22.68583162,26,1355,105732,R,,FRA,24.28199863,151,353,7-6(3) 6-4 7-6(5),R64,,9,1,102,73,60,20,17,4,4,21,4,107,58,47,30,17,0,1
Wimbledon,104919,R,188,ARG,28.12320329,21,1605,104719,R,190,ESP,29.2128679,72,715,6-3 7-6(4) 6-3,R64,,9,1,91,56,50,24,16,3,3,6,2,82,53,40,16,14,5,7
Wimbledon,104731,R,203,RSA,29.11430527,14,2090,104947,R,190,TUR,28.04928131,82,647,6-7(5) 7-6(6) 6-4 6-4,R64,,34,9,119,69,59,35,22,0,0,6,4,133,78,57,32,22,1,3
Wimbledon,105227,R,198,CRO,26.74880219,9,3540,105575,R,175,LTU,25.02121834,90,577,6-3 4-6 7-6(6) 4-6 7-5,R64,,28,5,164,105,84,33,27,8,11,13,5,159,95,73,37,26,5,8
Wimbledon,104545,R,206,USA,30.17385353,17,1890,105051,R,188,AUS,27.58932238,148,367,6-2 7-6(8) 6-4,R64,,23,1,86,62,49,15,15,1,2,11,7,99,61,44,17,15,3,7
Wimbledon,106045,R,180,USA,22.86379192,105,496,100644,R,,GER,18.19028063,74,689,6-3 3-6 7-6(2) 6-4,R64,,9,6,124,72,54,28,20,7,11,14,8,132,72,55,26,20,4,9
Wimbledon,105053,R,188,COL,27.58658453,60,790,105453,R,178,JPN,25.49760438,5,5660,W/O,R64,,0,0,0,0,0,0,0,0,0,0,0,0,0,0,0,0,0,0
Wimbledon,104527,R,183,SUI,30.2532512,4,5790,103607,R,173,DOM,34.90485969,48,941,6-3 6-4 7-5,R64,,15,6,93,50,41,27,16,2,2,4,5,80,45,34,21,15,3,6
Wimbledon,104269,L,188,ESP,31.61943874,43,1045,106233,R,,AUT,21.81793292,30,1235,5-7 6-4 5-7 6-3 6-4,R64,,17,12,164,90,73,40,27,9,12,12,3,150,76,53,49,26,7,11
Wimbledon,104571,R,183,CYP,30.03148528,54,880,105357,R,183,AUS,26.03969884,120,463,6-7(5) 2-6 6-3 6-2 6-4,R64,,14,3,172,91,67,38,24,10,16,3,4,150,89,60,25,23,6,14
Wimbledon,105676,R,163,BEL,24.55852156,15,2010,106281,L,,GBR,21.48117728,182,282,7-6(3) 6-1 6-1,R64,,8,1,69,37,32,21,13,1,2,3,3,118,69,42,17,13,14,20
Wimbledon,105777,R,188,BUL,24.12046543,11,2600,105449,R,188,USA,25.51129363,52,895,7-6(8) 6-2 7-6(2),R64,,17,4,110,69,58,24,16,3,3,13,5,118,73,53,23,16,5,7
Wimbledon,104755,R,185,FRA,29.0294319,20,1610,104932,L,203,FRA,28.08487337,163,320,6-0 6-3 6-3,R64,,4,0,62,45,37,9,12,1,2,5,4,70,50,26,7,12,5,12
Wimbledon,106401,R,,AUS,20.1724846,29,1245,104338,R,185,ARG,31.24982888,35,1170,7-6(5) 6-3 6-4,R64,,16,4,97,69,56,17,16,0,0,5,0,89,66,46,16,15,1,3
Wimbledon,105683,R,196,CAN,24.50376454,8,4440,103163,R,188,GER,37.23750856,861,20,6-0 6-2 6-7(5) 7-6(4),R64,,29,6,119,78,63,28,19,3,3,4,1,115,80,55,21,19,6,11
Wimbledon,104868,R,190,GBR,28.38329911,111,483,106210,L,,CZE,21.96851472,45,990,6-2 7-6(4) 3-6 6-3,R64,,15,5,126,73,57,30,19,9,10,6,2,118,90,63,16,19,9,12
Wimbledon,105577,R,193,CAN,25.01574264,56,870,104926,R,178,ITA,28.09856263,28,1250,6-3 6-4 1-6 6-3,R64,,23,4,108,60,50,25,18,3,5,4,8,97,57,45,21,17,4,7
Wimbledon,104678,R,193,SRB,29.3798768,24,1494,105379,R,181,GBR,25.94661191,75,688,6-4 3-6 6-2 6-4,R64,,12,2,104,59,45,25,19,5,9,6,2,95,63,45,14,18,4,10
Wimbledon,104460,R,196,GER,30.55441478,102,509,104745,L,185,ESP,29.07049966,10,3135,7-5 3-6 6-4 6-4,R64,,13,5,119,79,61,21,21,2,5,9,3,130,93,64,17,20,7,11
Wimbledon,104542,R,188,FRA,30.19849418,12,2565,105077,L,188,ESP,27.44695414,65,758,6-3 6-4 6-4,R64,,17,4,76,54,48,11,15,5,6,2,4,81,49,33,18,14,5,9
Wimbledon,103333,R,208,CRO,36.33127995,25,1385,105238,R,180,UKR,26.63928816,70,740,5-7 6-3 6-4 6-7(4) 13-11,R64,,53,4,169,122,106,27,34,0,2,17,2,185,126,95,38,33,6,10
Wimbledon,104312,R,190,ITA,31.35112936,27,1280,106432,R,,CRO,18.6201232,40,1080,4-6 6-4 6-7(3) 6-1 6-1,R64,,15,4,131,84,60,25,23,5,10,12,10,166,89,55,34,23,9,19
Wimbledon,104918,R,190,GBR,28.12320329,3,7450,104898,R,190,NED,28.22997947,78,681,6-1 6-1 6-4,R64,,5,2,68,39,32,19,12,1,1,2,6,68,41,26,8,12,2,8
Wimbledon,104607,R,196,CZE,29.77960301,6,5050,103917,R,190,FRA,33.43463381,66,756,6-1 6-4 6-4,R64,,13,3,76,45,37,18,14,1,2,6,3,90,61,45,3,13,10,15
Wimbledon,104665,R,180,ESP,29.42915811,37,1125,104586,R,196,CZE,29.9301848,41,1067,6-4 1-6 4-6 7-6(4) 6-4,R64,,9,5,153,100,66,33,24,10,14,8,4,138,84,69,26,25,1,4
Wimbledon,104792,R,193,FRA,28.82409309,18,1885,105173,L,183,FRA,26.99794661,34,1188,7-6(5) 6-3 7-5,R64,,14,3,91,53,45,26,17,1,2,8,1,97,66,49,17,16,1,4
Wimbledon,104468,R,183,FRA,30.50239562,13,2435,104882,R,188,SLO,28.31759069,107,488,6-1 6-1 6-7(5) 6-1,R64,,7,1,104,59,42,26,17,2,5,3,9,110,69,40,12,16,4,14
Wimbledon,105932,R,,RUS,23.34565366,153,351,103852,L,188,ESP,33.77138946,16,1935,7-5 3-6 6-3 2-6 6-4,R64,,5,6,147,101,70,27,24,9,13,32,5,142,86,67,29,24,14,18
Wimbledon,105138,R,,ESP,27.20602327,22,1545,105332,R,196,FRA,26.14099932,68,745,2-6 4-6 6-3 6-3 6-3,R64,,5,5,135,99,68,20,23,4,8,18,5,144,75,54,33,22,11,16
Wimbledon,105032,R,,AUS,27.69336071,69,743,105902,R,183,AUS,23.43600274,87,594,7-5 6-4 7-6(6),R64,,24,5,117,80,59,22,17,8,9,10,5,110,66,47,25,17,4,7
Wimbledon,103819,R,185,SUI,33.88911704,2,9665,105023,R,198,USA,27.72621492,36,1140,6-4 6-2 6-2,R64,,6,2,77,47,37,19,13,2,2,7,2,79,45,32,15,13,7,12
Wimbledon,104925,R,188,SRB,28.10403833,1,13845,106071,R,193,AUS,22.68583162,26,1355,6-3 6-3 6-3,R32,,15,1,81,58,47,15,14,3,3,9,2,82,54,33,15,13,9,13
Wimbledon,104731,R,203,RSA,29.11430527,14,2090,104919,R,188,ARG,28.12320329,21,1605,6-4 7-6(6) 6-3,R32,,22,2,88,53,46,21,16,2,3,3,3,109,75,51,16,15,8,11
Wimbledon,105227,R,198,CRO,26.74880219,9,3540,104545,R,206,USA,30.17385353,17,1890,7-6(4) 6-7(6) 6-4 6-7(4) 12-10,R32,,35,5,195,125,110,40,34,4,5,37,3,242,175,133,28,34,7,10
Wimbledon,106045,R,180,USA,22.86379192,105,496,105053,R,188,COL,27.58658453,60,790,6-2 6-7(3) 2-6 6-1 6-3,R32,,16,6,128,69,53,33,22,4,7,5,0,126,91,58,18,22,2,9
Wimbledon,104527,R,183,SUI,30.2532512,4,5790,104269,L,188,ESP,31.61943874,43,1045,6-4 6-3 6-4,R32,,14,3,87,55,48,17,15,4,4,6,12,97,52,38,22,14,13,16
Wimbledon,105676,R,163,BEL,24.55852156,15,2010,104571,R,183,CYP,30.03148528,54,880,6-3 6-4 6-2,R32,,7,7,86,54,47,11,14,5,7,7,3,78,45,28,14,13,4,10
Wimbledon,104755,R,185,FRA,29.0294319,20,1610,105777,R,188,BUL,24.12046543,11,2600,6-3 6-4 6-4,R32,,3,5,100,56,47,23,15,5,5,11,2,72,47,35,15,14,1,4
Wimbledon,106401,R,,AUS,20.1724846,29,1245,105683,R,196,CAN,24.50376454,8,4440,5-7 7-5 7-6(3) 6-3,R32,,34,6,128,85,71,26,23,6,7,18,6,133,91,69,24,22,5,7
Wimbledon,105577,R,193,CAN,25.01574264,56,870,104868,R,190,GBR,28.38329911,111,483,6-4 3-6 2-6 6-3 8-6,R32,,19,5,128,76,68,27,25,1,4,11,2,148,86,66,36,25,5,8
Wimbledon,104678,R,193,SRB,29.3798768,24,1494,104460,R,196,GER,30.55441478,102,509,6-4 7-6(3) 4-6 6-3,R32,,24,7,121,85,73,16,20,5,7,16,11,151,104,72,22,21,12,16
Wimbledon,103333,R,208,CRO,36.33127995,25,1385,104542,R,188,FRA,30.19849418,12,2565,7-6(3) 4-6 7-6(2) 7-6(9),R32,,41,5,131,99,89,21,23,0,1,14,4,147,103,85,28,23,2,2
Wimbledon,104918,R,190,GBR,28.12320329,3,7450,104312,R,190,ITA,31.35112936,27,1280,6-2 6-2 1-6 6-1,R32,,10,3,94,60,42,18,15,7,10,4,2,91,56,31,16,15,5,12
Wimbledon,104607,R,196,CZE,29.77960301,6,5050,104665,R,180,ESP,29.42915811,37,1125,4-6 6-0 6-3 7-6(3),R32,,14,3,115,67,52,27,19,4,8,3,2,123,84,53,13,18,11,18
Wimbledon,104468,R,183,FRA,30.50239562,13,2435,104792,R,193,FRA,28.82409309,18,1885,3-6 6-3 7-6(6) 2-6 6-2,R32,,2,2,157,104,66,29,23,7,12,20,4,159,112,75,20,23,7,12
Wimbledon,105138,R,,ESP,27.20602327,22,1545,105932,R,,RUS,23.34565366,153,351,7-6(4) 6-0 6-1,R32,,3,1,77,59,45,12,12,4,4,5,3,86,66,34,8,13,3,9
Wimbledon,103819,R,185,SUI,33.88911704,2,9665,105032,R,,AUS,27.69336071,69,743,6-4 6-4 6-7(5) 6-2,R32,,17,1,108,67,60,28,20,0,0,21,4,130,84,61,24,20,4,8
Wimbledon,104925,R,188,SRB,28.10403833,1,13845,104731,R,203,RSA,29.11430527,14,2090,6-7(6) 6-7(6) 6-1 6-4 7-5,R16,,13,4,170,116,86,37,27,7,8,40,8,168,98,81,29,26,3,8
Wimbledon,105227,R,198,CRO,26.74880219,9,3540,106045,R,180,USA,22.86379192,105,496,6-4 4-6 6-3 7-5,R16,,21,4,125,79,61,25,21,7,9,11,14,150,85,62,29,20,8,12
Wimbledon,104527,R,183,SUI,30.2532512,4,5790,105676,R,163,BEL,24.55852156,15,2010,7-6(3) 7-6(7) 6-4,R16,,13,6,115,65,54,24,17,2,4,4,2,113,64,47,26,17,2,5
Wimbledon,104755,R,185,FRA,29.0294319,20,1610,106401,R,,AUS,20.1724846,29,1245,7-5 6-1 6-7(7) 7-6(6),R16,,19,3,135,81,70,29,22,4,6,23,10,155,96,70,25,21,9,14
Wimbledon,105577,R,193,CAN,25.01574264,56,870,104678,R,193,SRB,29.3798768,24,1494,4-6 6-7(4) 6-4 6-3 6-3,R16,,12,2,126,89,77,22,25,0,1,20,6,139,82,65,34,25,4,8
Wimbledon,104918,R,190,GBR,28.12320329,3,7450,103333,R,208,CRO,36.33127995,25,1385,7-6(7) 6-4 5-7 6-4,R16,,8,4,136,100,80,21,22,4,5,29,4,140,97,74,21,22,10,12
Wimbledon,104468,R,183,FRA,30.50239562,13,2435,104607,R,196,CZE,29.77960301,6,5050,6-3 6-3 6-2,R16,,3,2,73,44,35,19,13,1,1,10,3,77,45,34,10,13,8,13
Wimbledon,103819,R,185,SUI,33.88911704,2,9665,105138,R,,ESP,27.20602327,22,1545,6-2 6-2 6-3,R16,,7,0,56,38,35,13,12,0,0,2,0,84,56,30,15,13,7,13
Wimbledon,104925,R,188,SRB,28.10403833,1,13845,105227,R,198,CRO,26.74880219,9,3540,6-4 6-4 6-4,QF,,4,1,81,58,46,17,15,0,0,8,0,83,46,35,18,15,2,5
Wimbledon,104755,R,185,FRA,29.0294319,20,1610,104527,R,183,SUI,30.2532512,4,5790,6-4 4-6 3-6 6-4 11-9,QF,,6,4,160,107,79,35,29,5,9,22,1,163,99,77,35,30,4,9
Wimbledon,104918,R,190,GBR,28.12320329,3,7450,105577,R,193,CAN,25.01574264,56,870,6-4 7-5 6-4,QF,,4,3,90,58,49,18,16,1,1,9,3,92,54,43,18,16,5,8
Wimbledon,103819,R,185,SUI,33.88911704,2,9665,104468,R,183,FRA,30.50239562,13,2435,6-3 7-5 6-2,QF,,11,1,75,55,44,12,15,0,1,1,2,83,48,29,19,14,3,8
Wimbledon,104925,R,188,SRB,28.10403833,1,13845,104755,R,185,FRA,29.0294319,20,1610,7-6(2) 6-4 6-4,SF,,12,2,98,74,58,11,16,3,4,6,6,113,58,38,30,16,5,8
Wimbledon,103819,R,185,SUI,33.88911704,2,9665,104918,R,190,GBR,28.12320329,3,7450,7-5 7-5 6-4,SF,,20,1,91,69,58,12,17,1,1,12,1,107,79,56,14,17,7,10
Wimbledon,104925,R,188,SRB,28.10403833,1,13845,103819,R,185,SUI,33.88911704,2,9665,7-6(1) 6-7(10) 6-4 6-3,F,,13,1,145,95,70,30,21,6,7,14,3,141,94,70,23,22,6,10
US Open,104925,R,188,SRB,28.27652293,1,14865,105154,R,193,BRA,27.26078029,91,554,6-1 6-1 6-1,R128,,8,0,52,39,36,8,11,0,0,3,2,57,31,17,7,10,3,10
US Open,104890,R,190,AUT,28.44353183,52,870,105577,R,193,CAN,25.18822724,45,1000,6-4 3-6 6-7(0) 6-0 6-1,R128,,12,10,120,61,50,35,20,3,4,24,16,186,110,79,28,22,19,25
US Open,104559,R,188,RUS,30.27241615,53,867,104665,R,180,ESP,29.60164271,49,945,7-6(6) 0-6 4-6 6-4 RET,R128,,7,5,129,70,46,31,20,11,16,12,10,149,80,54,26,19,7,15
US Open,104312,R,190,ITA,31.52361396,25,1430,126205,U,,USA,18.28884326,437,93,6-4 6-0 7-5,R128,,6,6,83,42,31,22,14,4,7,0,2,88,53,29,12,14,5,13
US Open,105138,R,,ESP,27.37850787,23,1510,105732,R,,FRA,24.45448323,92,551,6-3 6-2 7-6(7),R128,,4,5,104,59,44,32,15,5,5,17,3,103,54,39,23,14,2,5
US Open,105807,R,,ESP,24.13689254,54,855,105668,R,203,POL,24.79671458,61,790,6-3 4-6 6-2 6-4,R128,,9,0,113,67,48,31,19,7,9,16,1,113,72,49,20,18,3,8
US Open,105575,R,175,LTU,25.19370294,78,661,105311,R,,POR,26.4202601,46,986,6-2 6-2 4-6 2-6 7-6(4),R128,,8,7,151,75,55,41,23,9,13,6,6,165,101,69,29,23,15,20
US Open,105676,R,163,BEL,24.73100616,15,2130,104620,R,183,ITA,29.89459274,62,785,6-4 6-1 6-2,R128,,13,2,62,33,29,21,12,3,3,7,6,78,48,28,12,13,3,9
US Open,105683,R,196,CAN,24.67624914,10,2880,105065,R,175,USA,27.66872005,99,535,6-4 7-6(8) 6-1,R128,,17,6,96,47,39,32,15,6,6,6,3,102,67,43,17,14,3,6
US Open,104269,L,188,ESP,31.79192334,42,1020,103163,R,188,GER,37.40999316,506,73,3-6 6-1 6-7(3) 6-3 6-1,R128,,21,7,122,71,57,30,22,4,7,1,9,128,81,51,25,22,5,13
US Open,103888,R,188,USA,33.724846,581,55,106065,R,,ITA,22.91581109,106,521,6-7(5) 6-3 6-1 6-3,R128,,13,6,132,77,64,25,19,8,10,7,5,110,67,42,19,18,4,11
US Open,103852,L,188,ESP,33.94387406,19,1665,105932,R,,RUS,23.51813826,101,534,7-6(5) 6-1 6-3,R128,,11,8,80,47,39,17,14,2,4,2,6,84,57,35,11,14,7,13
US Open,104926,R,178,ITA,28.27104723,32,1165,105449,R,188,USA,25.68377823,47,985,2-6 6-3 6-4 7-6(2),R128,,8,12,133,56,44,32,19,8,14,14,13,138,75,49,29,20,5,12
US Open,104655,R,180,URU,29.66187543,40,1065,104534,R,175,ISR,30.40657084,104,527,6-2 3-6 6-4 6-1,R128,,11,6,118,67,52,21,17,10,12,2,7,106,52,34,29,17,7,13
US Open,106043,R,,ARG,23.03901437,74,685,111200,R,,SWE,19.38945927,144,385,6-3 6-2 6-2,R128,,2,1,63,33,28,25,13,2,2,9,6,100,60,37,15,12,11,16
US Open,104745,L,185,ESP,29.24298426,8,3680,106432,R,,CRO,18.7926078,33,1151,6-3 6-2 4-6 6-4,R128,,6,4,100,73,62,11,19,0,2,9,3,102,54,33,29,18,2,7
US Open,105332,R,196,FRA,26.31348392,41,1052,105453,R,178,JPN,25.67008898,4,6205,6-4 3-6 4-6 7-6(6) 6-4,R128,,22,5,155,98,76,33,25,7,9,4,5,159,108,78,35,26,6,8
US Open,104947,R,190,TUR,28.22176591,84,618,103285,R,185,CZE,36.75838467,285,167,6-0 2-6 6-4 3-2 RET,R128,,13,1,106,65,46,19,15,6,9,6,4,93,45,32,21,15,3,8
US Open,105032,R,,AUS,27.86584531,55,843,105238,R,180,UKR,26.81177276,39,1115,4-6 6-1 7-5 RET,R128,,15,7,97,50,37,24,15,3,5,1,2,82,52,36,15,14,4,8
US Open,103990,R,180,ESP,33.33333333,26,1405,103582,L,193,GER,35.16495551,121,463,6-2 6-2 6-4,R128,,9,1,60,35,33,19,13,0,0,8,7,82,38,30,17,13,3,8
US Open,104542,R,188,FRA,30.37097878,18,1675,103813,L,185,FIN,34.10540726,105,521,6-3 6-1 6-1,R128,,16,1,70,37,32,21,12,0,0,1,3,71,31,20,15,11,3,9
US Open,104719,R,190,ESP,29.3853525,77,665,105041,R,185,SVK,27.82477755,116,477,6-2 6-3 6-1,R128,,6,4,79,49,39,16,12,3,3,2,3,72,45,26,12,12,3,9
US Open,104660,R,193,UKR,29.64818617,60,804,105357,R,183,AUS,26.21218344,72,701,6-1 3-6 7-6(3) 6-4,R128,,16,4,118,74,57,24,19,5,7,1,4,121,76,52,25,19,8,12
US Open,105011,R,185,UKR,27.97809719,120,465,104792,R,193,FRA,28.99657769,16,1850,2-6 6-4 5-0 RET,R128,,5,3,86,50,35,15,12,6,9,3,2,64,37,23,13,12,0,4
US Open,105227,R,198,CRO,26.92128679,9,3550,105550,L,,ARG,25.28952772,94,546,6-3 7-6(3) 7-6(3),R128,,13,2,93,54,46,26,17,0,1,6,3,97,71,54,14,16,5,7
US Open,105539,R,185,RUS,25.31143053,139,402,106298,R,,FRA,21.51676934,65,753,6-2 6-7(3) 6-2 6-4,R128,,13,2,119,72,59,24,19,8,10,7,4,126,61,42,31,19,11,18
US Open,105062,R,183,KAZ,27.67967146,56,842,104229,R,180,TPE,32.04654346,97,539,6-3 6-3 3-0 RET,R128,,4,0,50,27,24,16,10,0,0,6,3,65,41,26,9,11,2,7
US Open,105777,R,188,BUL,24.29295003,17,1735,105051,R,188,AUS,27.76180698,131,428,6-4 6-2 6-4,R128,,10,0,71,44,37,22,14,1,1,1,7,83,43,32,15,14,3,7
US Open,104871,R,188,FRA,28.54757016,27,1300,126152,U,,USA,21.37713895,1410,3,6-2 6-1 6-7(6) 6-2,R128,,8,4,105,67,54,25,18,5,6,17,13,119,60,47,20,17,4,11
US Open,105373,L,190,SVK,26.13826146,36,1125,104252,R,190,GER,31.90417522,216,226,6-7(5) 6-3 6-3 3-0 RET,R128,,5,6,99,46,37,30,17,3,5,7,5,136,74,47,27,17,12,18
US Open,105936,R,185,SRB,23.50718686,102,534,105292,R,,COL,26.55989049,119,470,6-4 6-0 6-4,R128,,4,5,76,43,34,17,13,4,6,4,3,82,46,22,16,13,2,9
US Open,103970,R,175,ESP,33.41273101,7,3695,105430,U,,MDA,25.80150582,86,591,4-6 7-5 6-1 6-0,R128,,3,2,108,65,42,28,17,7,10,1,6,125,84,52,10,18,11,20
US Open,104527,R,183,SUI,30.4257358,5,5710,105077,L,188,ESP,27.61943874,58,836,7-5 6-4 7-6(6),R128,,9,9,122,67,50,27,17,4,7,4,1,102,64,38,24,17,7,12
US Open,111202,U,,KOR,19.28268309,69,721,105902,R,183,AUS,23.60848734,95,544,6-3 6-1 6-2,R128,,10,1,65,45,35,14,12,0,0,10,8,81,31,19,20,12,5,11
US Open,105074,L,,BEL,27.62765229,107,520,104180,L,193,LUX,32.31211499,44,1005,6-4 1-6 6-4 6-4,R128,,13,6,113,62,48,25,19,7,10,20,8,111,59,43,30,18,5,8
US Open,106058,R,185,USA,22.93223819,28,1250,103607,R,173,DOM,35.07734428,50,906,6-2 6-3 6-2,R128,,2,5,71,42,30,21,13,2,3,2,4,71,48,29,7,12,4,10
US Open,104678,R,193,SRB,29.5523614,22,1559,126207,R,,USA,17.60985626,257,188,7-5 6-4 6-3,R128,,17,1,98,58,43,22,16,5,7,5,4,93,46,33,22,15,5,10
US Open,104330,R,193,USA,31.45242984,88,570,105992,R,183,USA,23.3155373,133,425,7-6(3) 6-4 6-1,R128,,9,3,116,67,53,24,15,6,7,3,6,93,50,35,21,14,5,9
US Open,105379,R,181,GBR,26.11909651,57,841,105208,R,190,LAT,27.00068446,67,745,3-6 6-4 3-0 RET,R128,,7,4,60,34,31,10,11,2,4,17,11,80,43,33,14,11,9,12
US Open,105385,L,183,USA,26.10540726,68,730,104468,R,183,FRA,30.67488022,11,2730,2-6 4-6 6-4 6-4 6-4,R128,,3,12,172,93,62,33,24,21,30,11,11,139,78,53,30,24,5,14
US Open,104731,R,203,RSA,29.28678987,14,2160,126094,R,,RUS,17.86173854,198,244,7-6(1) 6-7(5) 7-5 6-3,R128,,32,6,138,85,74,28,23,3,4,5,9,150,81,57,38,22,7,10
US Open,105572,L,,USA,25.2073922,117,474,105053,R,188,COL,27.75906913,59,815,3-6 7-6(6) 7-6(6) 7-6(1),R128,,23,3,162,100,79,31,22,8,10,12,4,151,88,66,37,23,2,3
US Open,104797,R,188,UZB,28.98015058,70,716,103794,R,178,GER,34.20670773,73,700,6-7(9) 6-4 6-4 6-1,R128,,11,2,119,67,48,33,19,9,12,7,13,137,72,50,28,20,10,18
US Open,106233,R,,AUT,21.99041752,20,1645,104593,R,185,ESP,30.06433949,76,669,7-5 6-3 7-5,R128,,3,3,97,62,46,23,17,3,4,5,5,89,51,36,22,16,2,6
US Open,105064,L,188,BRA,27.66872005,30,1190,104868,R,190,GBR,28.55578371,135,421,6-1 7-5 6-3,R128,,6,4,89,46,36,27,14,5,5,8,5,94,49,37,16,14,7,12
US Open,106415,L,,JPN,19.92607803,128,430,103908,R,185,FRA,33.63175907,80,638,6-4 2-6 6-7(7) 6-1 6-2,R128,,9,5,128,81,57,30,23,1,5,18,8,153,72,51,39,22,11,18
US Open,105173,L,183,FRA,27.17043121,35,1140,104505,R,190,RUS,30.51608487,155,337,7-6(6) 6-4 6-1,R128,,9,2,112,60,48,26,15,8,11,10,3,107,57,34,24,14,5,11
US Open,104918,R,190,GBR,28.29568789,3,8840,106401,R,,AUS,20.3449692,37,1120,7-5 6-3 4-6 6-1,R128,,17,2,125,73,52,28,19,11,14,11,3,109,67,43,18,19,8,15
US Open,104607,R,196,CZE,29.95208761,6,5230,106216,R,,USA,22.11635866,113,491,6-3 6-2 6-4,R128,,13,1,83,45,39,22,14,6,7,3,8,87,37,24,23,13,1,6
US Open,103781,L,183,AUT,34.275154,132,426,106045,R,180,USA,23.03627652,75,681,6-3 7-5 6-1,R128,,3,4,90,55,40,17,14,8,11,7,5,93,50,27,19,14,12,20
US Open,103917,R,190,FRA,33.60711841,64,767,105023,R,198,USA,27.89869952,38,1120,7-5 7-6(6) 7-5,R128,,13,6,127,79,55,33,18,5,5,18,8,105,61,51,24,18,1,3
US Open,104198,R,188,ESP,32.24093087,31,1190,104386,R,180,SRB,31.18959617,429,96,7-6(4) 4-6 4-6 6-3 6-1,R128,,18,9,166,89,69,38,24,12,16,10,9,154,80,57,36,24,9,15
US Open,106071,R,193,AUS,22.85831622,24,1465,106000,R,172,BIH,23.27994524,98,537,5-7 7-6(4) 6-4 6-3,R128,,16,3,138,85,62,28,22,7,12,6,4,136,85,61,19,21,8,14
US Open,103720,R,180,AUS,34.51334702,355,130,104873,R,,KAZ,28.53935661,100,535,6-0 7-6(2) 1-0 RET,R128,,3,4,73,32,26,22,10,7,8,4,4,61,31,18,9,10,0,4
US Open,104898,R,190,NED,28.40246407,79,645,104460,R,196,GER,30.72689938,85,614,4-6 4-6 6-3 7-5 6-4,R128,,16,7,151,86,65,33,26,6,11,18,20,159,92,72,26,25,5,11
US Open,104755,R,185,FRA,29.2019165,12,2240,106423,R,,AUS,19.38945927,71,709,4-6 6-1 4-6 6-3 2-0 RET,R128,,7,4,110,71,55,19,19,2,5,15,3,115,65,46,22,19,7,13
US Open,104545,R,206,USA,30.34633812,13,2235,104291,R,185,TUN,31.61122519,81,637,6-2 6-3 6-4,R128,,25,3,69,42,41,15,14,0,0,0,5,91,31,19,32,13,7,11
US Open,104022,R,183,RUS,33.18275154,93,546,105441,L,,AUS,25.73853525,122,463,6-1 3-6 7-5 7-6(4),R128,,10,9,113,68,51,24,20,1,5,10,6,129,69,50,22,20,5,11
US Open,106210,L,,CZE,22.14099932,48,962,103893,R,183,ITA,33.70841889,83,633,6-4 6-4 6-4,R128,,13,4,75,47,43,15,15,0,1,7,1,77,35,28,22,15,1,5
US Open,103333,R,208,CRO,36.50376454,21,1620,105643,L,190,ARG,24.90349076,63,772,6-3 7-5 7-5,R128,,21,2,92,62,55,17,17,3,3,8,11,112,58,41,28,16,9,12
US Open,104259,R,178,GER,31.87405886,29,1230,100644,R,,GER,18.36276523,82,634,6-7(0) 6-2 6-0 2-6 6-4,R128,,6,4,149,89,57,37,22,11,14,2,10,139,83,58,22,22,7,14
US Open,104586,R,196,CZE,30.1026694,87,582,111577,R,,USA,18.89117043,146,382,7-6(7) 6-0 7-6(4),R128,,7,5,103,49,39,32,15,4,6,11,4,105,49,33,27,15,4,9
US Open,104327,R,178,BEL,31.4661191,66,750,104571,R,183,CYP,30.20396988,51,882,6-7(2) 6-3 6-2 3-1 RET,R128,,1,6,113,62,46,26,17,5,7,10,7,110,49,36,29,16,7,13
US Open,103819,R,185,SUI,34.06160164,2,9065,104919,R,188,ARG,28.29568789,34,1140,6-1 6-2 6-2,R128,,11,5,66,43,36,14,12,1,1,1,7,70,40,21,14,11,3,9
US Open,104925,R,188,SRB,28.27652293,1,14865,104890,R,190,AUT,28.44353183,52,870,6-4 6-1 6-2,R64,,5,2,64,42,35,17,13,0,0,3,6,69,32,19,17,12,5,10
US Open,104312,R,190,ITA,31.52361396,25,1430,104559,R,188,RUS,30.27241615,53,867,3-6 6-3 7-6(3) 6-1,R64,,21,2,118,61,50,29,19,2,6,7,10,117,72,50,19,18,8,14
US Open,105138,R,,ESP,27.37850787,23,1510,105807,R,,ESP,24.13689254,54,855,4-6 6-4 6-0 2-6 6-4,R64,,9,9,161,96,62,31,22,10,16,17,8,129,57,45,29,22,5,13
US Open,105676,R,163,BEL,24.73100616,15,2130,105575,R,175,LTU,25.19370294,78,661,5-7 6-4 3-6 6-2 6-1,R64,,22,7,139,67,60,37,23,6,9,14,7,172,92,62,41,23,23,29
US Open,105683,R,196,CAN,24.67624914,10,2880,104269,L,188,ESP,31.79192334,42,1020,6-2 6-4 6-7(5) 7-6(1),R64,,16,7,127,78,63,33,21,4,4,15,5,127,85,62,24,21,4,7
US Open,103852,L,188,ESP,33.94387406,19,1665,103888,R,188,USA,33.724846,581,55,2-6 6-3 1-6 7-5 6-3,R64,,22,6,147,84,60,28,23,12,18,11,4,123,68,51,24,22,2,7
US Open,104926,R,178,ITA,28.27104723,32,1165,104655,R,180,URU,29.66187543,40,1065,6-3 6-4 6-4,R64,,5,3,85,50,41,20,15,4,5,4,8,91,59,37,17,14,7,11
US Open,104745,L,185,ESP,29.24298426,8,3680,106043,R,,ARG,23.03901437,74,685,7-6(5) 6-3 7-5,R64,,8,3,96,65,49,16,16,5,8,3,3,123,74,43,22,17,6,12
US Open,105332,R,196,FRA,26.31348392,41,1052,104947,R,190,TUR,28.22176591,84,618,6-3 3-6 6-4 6-3,R64,,10,3,107,53,44,30,19,4,7,6,3,119,73,51,20,18,2,7
US Open,103990,R,180,ESP,33.33333333,26,1405,105032,R,,AUS,27.86584531,55,843,6-4 7-6(3) 6-4,R64,,5,2,91,48,38,32,16,6,7,7,6,105,64,45,22,16,9,12
US Open,104542,R,188,FRA,30.37097878,18,1675,104719,R,190,ESP,29.3853525,77,665,6-3 6-4 6-3,R64,,4,1,75,44,38,18,14,0,0,5,0,95,56,36,19,14,6,10
US Open,104660,R,193,UKR,29.64818617,60,804,105011,R,185,UKR,27.97809719,120,465,6-4 7-6(2) 4-6 6-4,R64,,10,3,144,90,65,28,21,15,19,8,5,127,73,51,26,21,4,9
US Open,105227,R,198,CRO,26.92128679,9,3550,105539,R,185,RUS,25.31143053,139,402,6-2 6-3 7-5,R64,,19,4,93,50,38,24,15,4,5,3,1,76,48,33,11,14,3,8
US Open,105062,R,183,KAZ,27.67967146,56,842,105777,R,188,BUL,24.29295003,17,1735,6-3 7-6(2) 2-6 4-6 6-4,R64,,2,4,140,73,54,37,24,6,12,18,9,176,109,82,24,25,8,14
US Open,104871,R,188,FRA,28.54757016,27,1300,105373,L,190,SVK,26.13826146,36,1125,7-5 6-4 7-6(1),R64,,13,5,99,68,55,15,17,1,3,9,5,95,60,39,19,17,2,6
US Open,103970,R,175,ESP,33.41273101,7,3695,105936,R,185,SRB,23.50718686,102,534,7-5 7-5 7-6(4),R64,,1,2,105,68,58,16,18,7,10,5,5,105,64,49,16,18,3,8
US Open,104527,R,183,SUI,30.4257358,5,5710,111202,U,,KOR,19.28268309,69,721,7-6(2) 7-6(4) 7-6(6),R64,,26,1,134,77,58,35,18,5,7,3,3,127,63,47,37,18,6,8
US Open,105074,L,,BEL,27.62765229,107,520,106058,R,185,USA,22.93223819,28,1250,4-6 4-6 6-3 2-1 RET,R64,,10,8,92,56,41,17,16,2,6,16,5,85,54,42,15,16,3,7
US Open,104678,R,193,SRB,29.5523614,22,1559,104330,R,193,USA,31.45242984,88,570,7-6(10) 6-4 3-6 6-3,R64,,13,4,119,76,53,23,20,4,9,5,7,120,78,52,20,20,2,8
US Open,105385,L,183,USA,26.10540726,68,730,105379,R,181,GBR,26.11909651,57,841,3-6 6-4 6-4 6-2,R64,,5,7,112,57,40,24,19,4,11,9,7,122,69,44,18,18,7,16
US Open,104731,R,203,RSA,29.28678987,14,2160,105572,L,,USA,25.2073922,117,474,6-3 6-4 6-2,R64,,20,3,65,49,45,11,14,0,0,5,3,73,40,28,17,13,0,4
US Open,106233,R,,AUT,21.99041752,20,1645,104797,R,188,UZB,28.98015058,70,716,6-4 6-4 1-0 RET,R64,,3,0,50,36,29,12,11,0,0,2,2,86,50,32,17,11,10,13
US Open,105064,L,188,BRA,27.66872005,30,1190,106415,L,,JPN,19.92607803,128,430,6-0 6-3 6-4,R64,,15,5,70,41,35,15,12,7,9,1,2,84,43,19,18,13,6,14
US Open,104918,R,190,GBR,28.29568789,3,8840,105173,L,183,FRA,27.17043121,35,1140,5-7 4-6 6-1 6-3 6-1,R64,,22,2,128,75,60,30,23,4,7,5,10,149,86,60,25,22,17,24
US Open,104607,R,196,CZE,29.95208761,6,5230,103781,L,183,AUT,34.275154,132,426,7-6(2) 6-1 6-3,R64,,9,0,88,51,37,29,14,6,6,4,7,92,56,39,14,14,2,6
US Open,104198,R,188,ESP,32.24093087,31,1190,103917,R,190,FRA,33.60711841,64,767,6-4 6-2 6-7(4) 6-1,R64,,9,8,125,72,58,26,19,1,3,6,6,126,73,44,24,18,5,12
US Open,106071,R,193,AUS,22.85831622,24,1465,103720,R,180,AUS,34.51334702,355,130,6-3 6-2 3-6 5-7 7-5,R64,,24,4,159,90,62,35,25,12,18,18,7,160,84,56,38,25,9,17
US Open,104755,R,185,FRA,29.2019165,12,2240,104898,R,190,NED,28.40246407,79,645,4-6 6-3 7-6(4) 6-4,R64,,8,2,115,73,57,28,21,3,7,11,2,122,66,49,27,20,7,12
US Open,104545,R,206,USA,30.34633812,13,2235,104022,R,183,RUS,33.18275154,93,546,6-3 6-4 6-4,R64,,18,5,86,50,42,23,15,2,2,7,4,72,43,35,16,14,5,8
US Open,106210,L,,CZE,22.14099932,48,962,103333,R,208,CRO,36.50376454,21,1620,7-6(3) 3-6 3-6 6-2 7-6(4),R64,,18,9,154,101,76,33,25,4,7,43,9,154,101,80,30,25,11,13
US Open,104259,R,178,GER,31.87405886,29,1230,104586,R,196,CZE,30.1026694,87,582,7-6(4) 6-2 6-2,R64,,8,1,76,49,41,17,14,1,2,7,3,100,51,36,20,14,5,10
US Open,103819,R,185,SUI,34.06160164,2,9065,104327,R,178,BEL,31.4661191,66,750,6-1 6-2 6-1,R64,,12,1,61,43,37,10,11,1,1,2,2,80,43,23,15,11,12,19
US Open,104925,R,188,SRB,28.27652293,1,14865,104312,R,190,ITA,31.52361396,25,1430,6-3 7-5 7-5,R32,,11,3,91,61,47,17,17,5,7,5,3,109,59,40,26,16,7,12
US Open,105138,R,,ESP,27.37850787,23,1510,105676,R,163,BEL,24.73100616,15,2130,2-6 5-7 6-3 3-1 RET,R32,,9,7,103,46,33,31,17,3,6,11,6,103,61,47,18,17,6,10
US Open,103852,L,188,ESP,33.94387406,19,1665,105683,R,196,CAN,24.67624914,10,2880,6-2 7-6(4) 6-3,R32,,16,2,95,63,51,19,15,4,4,12,7,110,63,45,22,14,10,13
US Open,104926,R,178,ITA,28.27104723,32,1165,104745,L,185,ESP,29.24298426,8,3680,3-6 4-6 6-4 6-3 6-4,R32,,2,7,167,102,64,31,24,11,19,5,2,139,93,63,17,24,7,16
US Open,105332,R,196,FRA,26.31348392,41,1052,103990,R,180,ESP,33.33333333,26,1405,7-6(3) 6-1 6-1,R32,,12,3,117,53,40,37,13,10,10,1,5,103,64,39,17,13,9,14
US Open,104542,R,188,FRA,30.37097878,18,1675,104660,R,193,UKR,29.64818617,60,804,6-3 7-5 6-2,R32,,14,0,83,57,46,18,15,2,2,2,5,106,63,42,19,14,10,14
US Open,105227,R,198,CRO,26.92128679,9,3550,105062,R,183,KAZ,27.67967146,56,842,6-7(5) 7-6(1) 6-3 6-7(3) 6-1,R32,,26,7,156,83,70,40,27,5,9,11,6,187,87,60,50,25,13,20
US Open,104871,R,188,FRA,28.54757016,27,1300,103970,R,175,ESP,33.41273101,7,3695,7-6(6) 4-6 6-3 6-1,R32,,10,8,112,71,50,19,19,3,8,1,3,113,73,45,17,19,4,12
US Open,104527,R,183,SUI,30.4257358,5,5710,105074,L,,BEL,27.62765229,107,520,6-3 7-6(5) 6-4,R32,,8,7,102,46,37,31,15,8,11,5,4,100,58,38,22,16,6,12
US Open,105385,L,183,USA,26.10540726,68,730,104678,R,193,SRB,29.5523614,22,1559,4-6 0-6 7-6(3) 6-2 6-4,R32,,7,8,157,94,65,32,23,10,16,15,4,172,115,82,22,23,17,22
US Open,104731,R,203,RSA,29.28678987,14,2160,106233,R,,AUT,21.99041752,20,1645,6-3 7-6(3) 7-6(3),R32,,16,1,114,76,60,24,17,5,5,4,3,105,54,44,29,16,4,5
US Open,104918,R,190,GBR,28.29568789,3,8840,105064,L,188,BRA,27.66872005,30,1190,6-3 6-2 7-5,R32,,6,3,86,53,43,17,15,1,2,3,3,94,60,39,15,14,8,13
US Open,104607,R,196,CZE,29.95208761,6,5230,104198,R,188,ESP,32.24093087,31,1190,6-7(2) 7-6(7) 6-3 6-3,R32,,11,3,129,69,55,33,21,3,6,11,5,159,81,61,33,21,8,14
US Open,104755,R,185,FRA,29.2019165,12,2240,106071,R,193,AUS,22.85831622,24,1465,6-4 6-3 6-1,R32,,8,1,60,44,40,12,13,0,0,9,0,92,62,40,11,13,11,16
US Open,104545,R,206,USA,30.34633812,13,2235,106210,L,,CZE,22.14099932,48,962,6-3 6-4 RET,R32,,21,2,58,37,32,11,10,6,6,0,2,72,46,31,10,9,7,9
US Open,103819,R,185,SUI,34.06160164,2,9065,104259,R,178,GER,31.87405886,29,1230,6-3 6-4 6-4,R32,,5,4,83,50,36,18,15,2,4,1,5,72,44,31,15,14,3,8
US Open,104925,R,188,SRB,28.27652293,1,14865,105138,R,,ESP,27.37850787,23,1510,6-3 4-6 6-4 6-3,R16,,8,2,123,75,52,25,19,4,8,4,2,117,69,40,24,19,7,14
US Open,103852,L,188,ESP,33.94387406,19,1665,104926,R,178,ITA,28.27104723,32,1165,6-3 7-6(5) 6-1,R16,,6,3,89,49,40,25,15,4,5,8,6,84,51,30,20,13,3,7
US Open,104542,R,188,FRA,30.37097878,18,1675,105332,R,196,FRA,26.31348392,41,1052,6-4 6-3 6-4,R16,,10,2,74,44,39,22,15,0,0,8,4,84,38,24,29,14,4,7
US Open,105227,R,198,CRO,26.92128679,9,3550,104871,R,188,FRA,28.54757016,27,1300,6-3 2-6 7-6(2) 6-1,R16,,23,2,117,68,57,24,19,5,7,11,11,97,55,44,18,17,2,5
US Open,104527,R,183,SUI,30.4257358,5,5710,105385,L,183,USA,26.10540726,68,730,6-4 1-6 6-3 6-4,R16,,10,3,102,53,43,26,18,3,6,3,3,92,54,38,21,18,0,4
US Open,104731,R,203,RSA,29.28678987,14,2160,104918,R,190,GBR,28.29568789,3,8840,7-6(5) 6-3 6-7(2) 7-6(0),R16,,26,6,171,110,87,25,23,8,11,19,3,148,87,66,27,22,5,9
US Open,104755,R,185,FRA,29.2019165,12,2240,104607,R,196,CZE,29.95208761,6,5230,2-6 6-3 6-4 6-1,R16,,12,3,105,68,51,20,17,6,8,12,2,104,61,41,21,17,5,10
US Open,103819,R,185,SUI,34.06160164,2,9065,104545,R,206,USA,30.34633812,13,2235,7-6(0) 7-6(6) 7-5,R16,,13,1,111,65,54,33,18,5,5,17,1,133,91,63,22,18,9,10
US Open,104925,R,188,SRB,28.27652293,1,14865,103852,L,188,ESP,33.94387406,19,1665,6-1 3-6 6-3 7-6(2),QF,,9,0,117,68,52,33,19,5,6,13,6,116,60,46,30,18,5,8
US Open,105227,R,198,CRO,26.92128679,9,3550,104542,R,188,FRA,30.37097878,18,1675,6-4 6-4 3-6 6-7(3) 6-4,QF,,29,5,157,91,71,43,25,9,10,14,11,176,106,78,40,26,11,14
US Open,104527,R,183,SUI,30.4257358,5,5710,104731,R,203,RSA,29.28678987,14,2160,6-4 6-4 6-0,QF,,6,2,66,32,30,23,13,1,1,12,9,82,47,33,13,13,3,8
US Open,103819,R,185,SUI,34.06160164,2,9065,104755,R,185,FRA,29.2019165,12,2240,6-3 6-3 6-1,QF,,16,2,70,53,46,8,13,0,0,1,2,73,44,27,12,12,8,13
US Open,104925,R,188,SRB,28.27652293,1,14865,105227,R,198,CRO,26.92128679,9,3550,6-0 6-1 6-2,SF,,3,1,56,37,28,15,11,0,1,4,5,66,30,18,8,10,6,14
US Open,103819,R,185,SUI,34.06160164,2,9065,104527,R,183,SUI,30.4257358,5,5710,6-4 6-3 6-1,SF,,10,2,77,50,40,17,13,4,4,6,1,78,38,22,20,13,6,11
US Open,104925,R,188,SRB,28.27652293,1,14865,103819,R,185,SUI,34.06160164,2,9065,6-4 5-7 6-4 6-4,F,,3,5,155,96,63,32,21,19,23,11,5,137,87,62,23,21,7,13
Australian Open,104925,R,188,SRB,27.66324435,1,11405,105379,R,181,GBR,25.50581793,116,487,6-3 6-2 6-4,R128,109,8,3,79,52,44,17,14,3,3,12,3,89,53,35,17,13,4,8
Australian Open,105723,R,185,RUS,23.90691307,88,595,105077,L,188,ESP,27.00616016,61,780,6-1 3-6 6-3 7-6(3),R128,152,8,3,128,80,59,28,19,6,8,1,2,107,78,55,13,18,3,7
Australian Open,104424,R,178,JPN,30.37097878,92,571,111200,R,,SWE,18.7761807,212,230,1-6 6-4 4-6 6-3 6-3,R128,207,5,4,142,79,53,33,22,9,14,5,6,155,87,61,30,23,6,12
Australian Open,104269,L,188,ESP,31.17864476,33,1135,104868,R,190,GBR,27.94250513,103,539,2-6 6-0 7-6(6) 6-3,R128,162,13,6,123,82,63,15,17,6,9,6,4,121,75,49,18,18,8,14
Australian Open,104545,R,206,USA,29.73305955,21,1685,104499,R,178,TPE,29.94387406,118,485,7-6(5) 6-4 6-4,R128,127,30,3,87,59,53,18,16,1,1,5,2,110,67,46,28,16,5,7
Australian Open,104890,R,190,AUT,27.83025325,79,651,106362,U,,FRA,20.25462012,259,191,6-4 7-5 4-6 6-3,R128,161,7,7,120,61,48,33,20,5,8,7,4,137,95,63,18,21,6,12
Australian Open,104180,L,193,LUX,31.69883641,42,964,105807,R,,ESP,23.52361396,52,841,6-4 7-6(5) 7-6(3),R128,143,29,3,113,70,62,21,17,9,9,7,1,121,85,63,18,17,7,8
Australian Open,105138,R,,ESP,26.7652293,16,2110,106233,R,,AUT,21.37713895,40,977,4-6 6-2 6-3 7-6(5),R128,179,9,6,164,121,80,23,20,20,22,13,6,135,66,50,30,19,5,9
Australian Open,103852,L,188,ESP,33.33059548,14,2130,106045,R,180,USA,22.42299795,123,452,3-6 6-2 4-6 6-2 10-8,R128,194,26,6,150,86,69,33,26,4,8,12,8,180,110,71,38,27,15,22
Australian Open,105173,L,183,FRA,26.55715264,36,1043,105641,L,,SLO,24.29021218,80,632,7-6(7) 6-3 6-2,R128,138,6,5,103,58,49,21,15,8,9,6,5,109,79,49,13,14,8,12
Australian Open,105668,R,203,POL,24.183436,44,925,105655,R,,JPN,24.26009582,146,366,7-6(5) 2-6 6-3 7-5,R128,176,25,13,134,84,59,22,21,5,11,3,6,142,82,51,28,20,9,15
Australian Open,104792,R,193,FRA,28.38329911,19,1770,106298,R,,FRA,20.90349076,117,486,6-7(3) 3-6 6-4 6-1 6-4,R128,168,22,7,149,100,80,24,24,9,11,6,6,144,82,58,35,24,7,12
Australian Open,103794,R,178,GER,33.59342916,41,973,103898,R,185,FRA,33.08145106,25,1390,7-5 5-7 6-2 6-4,R128,164,17,2,119,70,53,33,21,3,5,14,1,117,74,54,24,21,3,8
Australian Open,103720,R,180,AUS,33.90006845,87,595,105585,R,,CHN,24.54483231,187,271,6-3 1-6 6-0 6-4,R128,140,8,4,90,57,40,19,16,4,8,8,5,119,76,48,14,16,12,19
Australian Open,105385,L,183,USA,25.49212868,56,809,105047,R,,GER,27.16769336,183,275,6-4 4-6 6-3 6-2,R128,133,7,5,101,60,48,25,19,4,6,12,8,121,71,54,19,18,9,14
Australian Open,105683,R,196,CAN,24.06297057,8,4575,105011,R,185,UKR,27.36481862,144,375,7-6(3) 7-6(3) 6-3,R128,126,28,3,92,69,63,14,17,1,1,5,7,96,51,42,25,16,1,2
Australian Open,104527,R,183,SUI,29.81245722,4,5370,104947,R,190,TUR,27.60848734,100,553,6-1 6-4 6-2,R128,89,9,3,78,44,36,20,13,2,2,3,6,87,52,31,15,12,5,10
Australian Open,105657,R,193,ROU,24.25735797,194,254,104665,R,180,ESP,28.98836413,43,950,6-2 6-2 7-5,R128,124,18,4,112,57,40,28,14,7,9,2,3,86,55,33,11,14,5,12
Australian Open,103813,L,185,FIN,33.49212868,72,693,104979,R,185,KAZ,27.49623546,73,691,6-1 6-2 7-6(6),R128,113,4,2,97,63,45,20,14,3,5,5,5,93,61,38,11,13,5,11
Australian Open,104897,R,188,GER,27.80013689,142,378,104655,R,180,URU,29.04859685,29,1227,7-6(1) 6-3 6-1,R128,100,8,3,91,58,44,19,14,2,3,8,5,100,63,41,13,14,5,10
Australian Open,103893,R,183,ITA,33.09514031,64,759,105238,R,180,UKR,26.19849418,23,1455,6-4 6-3 6-2,R128,87,5,0,74,50,37,19,14,0,0,13,3,73,36,27,17,13,5,9
Australian Open,105577,R,193,CAN,24.57494867,60,785,105023,R,198,USA,27.28542094,35,1090,6-3 6-7(5) 2-6 6-4 6-4,R128,183,20,5,157,91,64,43,25,11,14,25,7,136,82,64,27,24,4,8
Australian Open,104198,R,188,ESP,31.62765229,37,1020,105376,R,185,GER,25.51403149,96,559,6-7(1) 7-5 6-4 1-0 RET,R128,143,6,5,108,63,49,21,17,4,6,11,5,109,56,41,26,18,6,11
Australian Open,105292,R,,COL,25.94661191,107,519,104926,R,178,ITA,27.65776865,18,1790,4-6 6-2 6-3 6-4,R128,145,2,3,116,60,46,33,19,7,9,3,10,112,67,49,19,18,6,11
Australian Open,103970,R,175,ESP,32.79945243,10,4145,105064,L,188,BRA,27.05544148,65,753,6-7(2) 6-2 6-0 6-3,R128,145,5,5,97,61,49,22,17,3,4,4,4,117,62,34,29,18,2,10
Australian Open,104660,R,193,UKR,29.0349076,71,699,105583,R,180,SRB,24.55578371,68,711,6-3 4-6 6-4 6-7(3) 6-4,R128,211,14,6,178,103,79,36,25,13,16,4,0,171,107,72,34,26,9,15
Australian Open,104719,R,190,ESP,28.77207392,58,790,103565,R,185,FRA,34.67488022,132,421,6-3 6-4 6-4,R128,124,10,3,92,55,41,18,15,9,11,7,6,92,47,30,23,14,8,13
Australian Open,104468,R,183,FRA,30.06160164,20,1730,104898,R,190,NED,27.78918549,83,620,6-1 6-3 6-4,R128,83,5,2,64,35,30,20,13,2,3,10,3,76,45,31,8,13,2,8
Australian Open,105053,R,188,COL,27.14579055,32,1175,103401,R,190,CZE,35.53730322,201,244,6-3 6-2 6-2,R128,87,5,2,72,53,43,11,13,2,3,4,1,69,44,23,10,12,6,12
Australian Open,105449,R,188,USA,25.07049966,38,993,106378,R,,GBR,20.03011636,192,260,6-4 6-4 6-3,R128,110,17,4,92,58,45,20,14,1,1,5,4,105,58,35,27,15,6,10
Australian Open,104471,R,183,CRO,30.04517454,86,610,105154,R,193,BRA,26.64750171,115,488,6-4 7-5 6-4,R128,172,10,7,111,73,52,17,16,9,12,7,5,123,72,46,22,16,5,11
Australian Open,105453,R,178,JPN,25.0568104,5,5025,104597,R,183,ESP,29.41273101,69,700,6-4 7-6(1) 6-2,R128,127,11,1,94,58,43,19,15,7,10,15,6,118,72,46,18,15,11,17
Australian Open,104607,R,196,CZE,29.33880903,7,4660,104268,L,185,COL,31.18138261,101,547,6-3 7-6(1) 6-3,R128,114,8,4,102,63,50,18,16,6,9,7,3,80,45,27,19,14,3,8
Australian Open,103781,L,183,AUT,33.66187543,108,514,103607,R,173,DOM,34.46406571,77,659,6-1 6-4 6-2,R128,87,10,9,80,47,38,17,13,4,5,1,1,73,44,24,12,12,3,9
Australian Open,104678,R,193,SRB,28.93908282,54,826,106210,L,,CZE,21.52772074,39,985,6-3 3-6 6-2 6-3,R128,126,14,2,105,58,41,34,18,3,4,6,5,108,67,47,19,17,2,6
Australian Open,104919,R,188,ARG,27.68240931,26,1389,105357,R,183,AUS,25.59890486,151,348,6-3 6-3 6-2,R128,101,10,4,73,49,43,10,13,0,1,0,6,74,43,25,12,13,3,9
Australian Open,104259,R,178,GER,31.26078029,24,1415,103908,R,185,FRA,33.01848049,93,570,6-2 6-2 6-1,R128,85,18,2,56,36,31,13,11,0,0,8,6,80,49,26,13,12,5,12
Australian Open,106071,R,193,AUS,22.24503765,66,737,104735,R,180,GER,28.66529774,95,560,7-5 6-7(1) 6-3 6-2,R128,169,24,1,137,94,70,21,21,7,9,3,2,119,67,47,25,20,4,10
Australian Open,105032,R,,AUS,27.25256674,82,625,105936,R,185,SRB,22.89390828,97,558,6-3 7-6(4) 6-4,R128,111,24,4,96,68,57,15,16,1,1,5,0,94,60,39,22,15,7,9
Australian Open,106423,R,,AUS,18.7761807,147,361,105208,R,190,LAT,26.38740589,13,2455,5-7 6-0 1-6 7-6(2) 8-6,R128,247,16,11,177,100,70,32,26,14,21,29,18,159,82,66,31,25,6,13
Australian Open,104731,R,203,RSA,28.67351129,15,2125,106043,R,,ARG,22.4257358,59,789,7-6(5) 7-5 5-7 6-4,R128,215,32,9,165,112,86,21,23,10,14,8,2,170,89,61,45,23,13,18
Australian Open,105575,R,175,LTU,24.58042437,85,615,104997,R,190,NED,27.42231348,84,619,2-6 6-4 7-6(2) 6-7(6) 6-4,R128,198,7,4,173,108,81,33,26,9,14,14,6,176,106,76,39,26,9,14
Australian Open,105902,R,183,AUS,22.99520876,120,468,104882,R,188,SLO,27.87679671,102,545,6-2 5-7 7-6(7) 3-6 6-2,R128,225,13,8,171,98,74,33,24,11,15,7,8,154,113,70,24,25,1,7
Australian Open,104755,R,185,FRA,28.58863792,28,1350,104122,R,183,ARG,31.95893224,70,700,6-1 6-3 6-1,R128,113,5,2,71,46,37,15,12,1,1,3,3,86,47,26,15,11,5,11
Australian Open,104586,R,196,CZE,29.48939083,30,1210,104932,L,203,FRA,27.6440794,94,565,4-6 6-2 6-7(4) 6-3 6-4,R128,197,14,6,171,100,75,38,25,11,13,11,6,161,111,79,22,24,17,22
Australian Open,104534,R,175,ISR,29.79329227,106,520,105526,R,,GER,24.73648186,57,801,6-4 4-6 3-6 6-3 7-5,R128,208,3,6,172,102,64,34,25,11,18,11,6,161,83,60,32,25,9,17
Australian Open,105065,R,175,USA,27.05544148,112,502,106291,R,,AUS,20.96372348,164,313,7-6(2) 7-5 6-4,R128,139,6,3,97,61,44,23,17,4,7,5,4,119,74,46,23,17,8,13
Australian Open,104745,L,185,ESP,28.62970568,3,6585,104022,R,183,RUS,32.56947296,49,850,6-3 6-2 6-2,R128,110,4,3,57,35,31,18,12,1,1,5,5,85,47,28,15,13,5,11
Australian Open,104918,R,190,GBR,27.68240931,6,4675,106026,R,183,IND,22.54346338,317,151,6-3 6-4 7-6(3),R128,133,13,0,92,59,42,26,16,3,5,5,3,114,76,46,18,15,2,6
Australian Open,104594,R,194,AUS,29.44832307,81,628,104628,R,183,RUS,29.23203285,127,439,6-4 6-7(5) 4-6 7-5 6-3,R128,208,10,7,167,106,72,37,27,4,8,11,7,178,88,60,49,26,16,22
Australian Open,105311,R,,POR,25.80698152,55,822,111442,R,,AUS,20.75017112,274,182,6-4 7-6(5) 6-4,R128,148,4,1,111,76,54,18,16,6,8,4,10,130,72,46,29,16,13,17
Australian Open,105373,L,190,SVK,25.52498289,34,1133,105147,R,180,JPN,26.67214237,89,588,7-6(6) 6-2 6-4,R128,129,5,1,93,60,45,19,15,5,7,3,6,108,58,40,21,15,5,10
Australian Open,105676,R,163,BEL,24.11772758,22,1669,103188,R,173,USA,36.72005476,156,325,6-3 6-3 5-7 6-0,R128,172,11,9,122,59,40,33,18,13,17,4,7,153,96,52,24,18,14,23
Australian Open,104571,R,183,CYP,29.59069131,78,658,104559,R,188,RUS,29.65913758,67,730,6-2 6-7(5) 3-6 6-4 6-4,R128,217,29,5,156,95,73,29,25,4,9,7,4,181,105,64,41,24,16,23
Australian Open,105041,R,185,SVK,27.21149897,99,553,104216,R,175,ARG,31.50171116,98,554,4-6 6-2 7-5 6-7(4) 6-1,R128,206,18,0,132,85,70,22,24,1,5,8,4,183,114,71,35,25,11,20
Australian Open,105777,R,188,BUL,23.67967146,11,3645,104460,R,196,GER,30.11362081,90,584,6-2 6-3 6-2,R128,69,11,1,61,41,36,16,13,0,0,2,7,70,47,30,7,12,6,11
Australian Open,104273,R,188,FRA,31.1430527,119,470,103990,R,180,ESP,32.72005476,17,2015,2-3 RET,R128,20,0,0,15,10,8,2,3,0,1,1,0,17,11,8,3,2,1,1
Australian Open,104291,R,185,TUN,30.99794661,75,676,105062,R,183,KAZ,27.06639288,51,847,6-2 6-3 2-6 7-6(3),R128,184,3,7,135,74,52,33,19,14,17,5,3,127,79,50,26,18,9,13
Australian Open,106401,R,,AUS,19.73169062,53,830,105643,L,190,ARG,24.29021218,62,775,7-6(2) 3-6 6-3 6-7(5) 6-3,R128,188,21,5,160,104,82,33,26,7,9,14,5,165,110,82,28,25,11,14
Australian Open,103333,R,208,CRO,35.89048597,27,1365,105074,L,,BEL,27.01437372,173,293,6-4 6-2 6-4,R128,93,19,3,69,50,46,11,14,2,2,7,6,85,51,34,18,14,7,11
Australian Open,104871,R,188,FRA,27.93429158,31,1195,106432,R,,CRO,18.17932923,91,577,3-6 6-4 7-5 6-4,R128,164,15,2,125,82,64,22,21,4,6,9,1,111,70,49,25,20,3,6
Australian Open,104312,R,190,ITA,30.91033539,46,915,104797,R,188,UZB,28.36687201,50,850,5-7 6-3 2-6 6-1 6-4,R128,171,12,3,148,91,71,25,23,8,11,17,1,144,86,65,25,23,13,18
Australian Open,104620,R,183,ITA,29.28131417,48,864,104338,R,185,ARG,30.80903491,63,770,6-3 3-6 6-3 6-1,R128,144,4,2,90,54,41,21,17,4,8,7,2,125,80,45,21,17,12,20
Australian Open,103819,R,185,SUI,33.44832307,2,9875,104229,R,180,TPE,31.43326489,47,888,6-4 6-2 7-5,R128,113,9,3,83,56,48,17,15,4,4,1,2,97,57,35,22,15,10,14
Australian Open,104925,R,188,SRB,27.66324435,1,11405,105723,R,185,RUS,23.90691307,88,595,6-0 6-1 6-4,R64,84,7,2,57,35,30,15,12,0,1,2,3,80,39,24,12,11,6,13
Australian Open,104269,L,188,ESP,31.17864476,33,1135,104424,R,178,JPN,30.37097878,92,571,6-3 6-2 7-6(3),R64,116,15,4,95,62,49,19,15,5,6,3,0,92,56,39,16,14,5,9
Australian Open,104545,R,206,USA,29.73305955,21,1685,104890,R,190,AUT,27.83025325,79,651,6-4 7-6(4) 4-6 6-4,R64,142,27,3,100,69,63,23,21,1,2,21,8,128,83,62,27,21,3,5
Australian Open,104180,L,193,LUX,31.69883641,42,964,105138,R,,ESP,26.7652293,16,2110,7-6(5) 1-6 7-5 6-1,R64,153,27,6,121,77,63,21,19,6,8,15,3,107,69,56,23,19,3,6
Australian Open,103852,L,188,ESP,33.33059548,14,2130,105173,L,183,FRA,26.55715264,36,1043,4-6 4-6 7-6(3) 4-0 RET,R64,158,21,5,107,56,32,25,18,10,19,5,10,107,68,45,11,18,10,19
Australian Open,105668,R,203,POL,24.183436,44,925,104792,R,193,FRA,28.38329911,19,1770,6-4 1-6 6-7(3) 6-3 6-3,R64,187,14,9,143,99,72,18,23,7,11,20,4,154,103,79,19,24,11,17
Australian Open,103794,R,178,GER,33.59342916,41,973,103720,R,180,AUS,33.90006845,87,595,2-6 1-6 6-3 6-4 6-2,R64,182,16,2,122,77,55,21,21,5,10,14,4,125,66,44,34,21,6,11
Australian Open,105683,R,196,CAN,24.06297057,8,4575,105385,L,183,USA,25.49212868,56,809,6-4 7-6(3) 6-3,R64,102,17,2,82,56,50,20,16,0,0,4,4,91,64,51,12,15,2,4
Australian Open,104527,R,183,SUI,29.81245722,4,5370,105657,R,193,ROU,24.25735797,194,254,7-6(4) 7-6(4) 6-3,R64,136,3,3,112,83,61,17,17,5,6,16,3,100,56,41,29,16,5,7
Australian Open,103813,L,185,FIN,33.49212868,72,693,104897,R,188,GER,27.80013689,142,378,7-6(4) 7-5 7-5,R64,140,5,1,120,89,63,16,18,10,13,12,7,120,75,54,18,18,11,16
Australian Open,105577,R,193,CAN,24.57494867,60,785,103893,R,183,ITA,33.09514031,64,759,6-7(3) 7-6(4) 6-3 6-4,R64,215,22,7,160,84,65,41,22,4,6,11,4,135,73,57,32,21,6,10
Australian Open,104198,R,188,ESP,31.62765229,37,1020,105292,R,,COL,25.94661191,107,519,6-1 6-3 6-3,R64,113,7,5,83,44,33,23,13,3,4,5,4,76,43,26,9,12,4,10
Australian Open,103970,R,175,ESP,32.79945243,10,4145,104660,R,193,UKR,29.0349076,71,699,5-7 6-3 6-4 6-2,R64,135,2,4,104,74,56,20,20,3,5,13,5,117,77,50,21,19,8,13
Australian Open,104468,R,183,FRA,30.06160164,20,1730,104719,R,190,ESP,28.77207392,58,790,7-6(5) 6-2 6-4,R64,136,5,2,87,59,49,13,15,0,2,6,2,95,54,36,22,15,5,10
Australian Open,105449,R,188,USA,25.07049966,38,993,105053,R,188,COL,27.14579055,32,1175,6-3 6-4 6-2,R64,118,17,2,109,54,45,24,14,8,9,3,3,90,59,37,12,13,6,11
Australian Open,105453,R,178,JPN,25.0568104,5,5025,104471,R,183,CRO,30.04517454,86,610,4-6 7-5 6-2 7-6(0),R64,167,7,3,122,79,60,24,21,2,5,15,2,116,73,57,14,21,2,7
Australian Open,104607,R,196,CZE,29.33880903,7,4660,103781,L,183,AUT,33.66187543,108,514,7-6(0) 6-2 6-2,R64,123,9,2,84,46,38,18,14,3,5,5,4,96,59,34,16,14,4,10
Australian Open,104678,R,193,SRB,28.93908282,54,826,104919,R,188,ARG,27.68240931,26,1389,6-4 4-6 6-4 6-0,R64,148,11,1,112,77,63,12,18,6,8,6,3,111,68,40,26,18,8,14
Australian Open,106071,R,193,AUS,22.24503765,66,737,104259,R,178,GER,31.26078029,24,1415,6-7(5) 6-4 7-6(6) 7-6(5),R64,185,24,2,165,127,99,18,23,5,6,19,3,150,104,79,30,23,6,8
Australian Open,105032,R,,AUS,27.25256674,82,625,106423,R,,AUS,18.7761807,147,361,3-6 6-3 7-5 3-6 6-1,R64,173,26,3,127,85,66,26,23,2,4,14,4,124,78,63,20,23,4,8
Australian Open,104731,R,203,RSA,28.67351129,15,2125,105575,R,175,LTU,24.58042437,85,615,6-2 6-2 7-6(3),R64,107,14,1,75,51,42,19,14,0,0,4,6,95,47,31,22,14,3,7
Australian Open,104755,R,185,FRA,28.58863792,28,1350,105902,R,183,AUS,22.99520876,120,468,6-2 6-3 7-5,R64,116,23,1,87,58,47,18,15,3,3,14,5,106,70,47,16,14,12,16
Australian Open,104534,R,175,ISR,29.79329227,106,520,104586,R,196,CZE,29.48939083,30,1210,7-6(2) 5-7 7-5 6-3,R64,178,12,4,143,87,61,33,22,9,12,17,5,137,74,57,29,23,10,15
Australian Open,104745,L,185,ESP,28.62970568,3,6585,105065,R,175,USA,27.05544148,112,502,6-2 3-6 6-7(2) 6-3 7-5,R64,252,3,7,154,98,68,29,26,2,7,15,1,156,102,66,29,24,9,16
Australian Open,104918,R,190,GBR,27.68240931,6,4675,104594,R,194,AUS,29.44832307,81,628,6-1 6-3 6-2,R64,102,5,2,63,39,33,14,12,1,2,3,6,83,43,26,14,12,7,14
Australian Open,105311,R,,POR,25.80698152,55,822,105373,L,190,SVK,25.52498289,34,1133,4-6 7-6(4) 6-4 1-0 RET,R64,151,8,1,98,68,49,16,16,7,10,11,9,128,71,49,28,17,13,17
Australian Open,104571,R,183,CYP,29.59069131,78,658,105676,R,163,BEL,24.11772758,22,1669,6-1 6-4 4-6 6-0,R64,152,16,4,130,75,54,24,17,5,9,5,10,99,47,27,16,16,7,16
Australian Open,105777,R,188,BUL,23.67967146,11,3645,105041,R,185,SVK,27.21149897,99,553,6-3 6-7(10) 6-3 6-3,R64,169,14,4,118,66,57,28,20,4,7,8,2,148,92,55,28,19,13,20
Australian Open,104291,R,185,TUN,30.99794661,75,676,104273,R,188,FRA,31.1430527,119,470,1-6 6-3 6-4 1-6 6-3,R64,176,10,3,141,71,51,35,21,12,17,17,5,119,85,65,16,21,6,10
Australian Open,106401,R,,AUS,19.73169062,53,830,103333,R,208,CRO,35.89048597,27,1365,7-6(4) 6-4 5-7 6-4,R64,140,24,4,119,77,60,31,22,1,2,39,6,110,74,65,23,22,4,6
Australian Open,104312,R,190,ITA,30.91033539,46,915,104871,R,188,FRA,27.93429158,31,1195,7-5 3-6 6-2 6-1,R64,152,8,1,116,75,57,22,18,4,6,17,10,129,76,56,16,18,9,15
Australian Open,103819,R,185,SUI,33.44832307,2,9875,104620,R,183,ITA,29.28131417,48,864,3-6 6-3 6-2 6-2,R64,129,16,0,92,64,50,20,17,0,1,8,3,109,57,36,28,17,6,11
Australian Open,104925,R,188,SRB,27.66324435,1,11405,104269,L,188,ESP,31.17864476,33,1135,7-6(8) 6-3 6-4,R32,141,11,0,91,66,54,17,16,3,3,16,5,123,76,58,17,15,12,14
Australian Open,104180,L,193,LUX,31.69883641,42,964,104545,R,206,USA,29.73305955,21,1685,7-6(4) 7-6(6) 6-4,R32,133,23,3,97,59,53,28,17,1,1,30,2,113,87,69,13,17,5,6
Australian Open,103852,L,188,ESP,33.33059548,14,2130,105668,R,203,POL,24.183436,44,925,7-6(6) 6-4 7-6(3),R32,153,19,4,123,64,51,35,17,10,11,11,5,115,73,54,20,17,6,8
Australian Open,105683,R,196,CAN,24.06297057,8,4575,103794,R,178,GER,33.59342916,41,973,6-4 6-3 6-3,R32,101,22,5,73,52,43,11,14,2,3,7,2,92,65,40,13,14,9,14
Australian Open,104527,R,183,SUI,29.81245722,4,5370,103813,L,185,FIN,33.49212868,72,693,6-4 6-2 6-4,R32,109,9,2,78,42,38,17,14,1,3,4,5,103,69,38,16,14,10,16
Australian Open,104198,R,188,ESP,31.62765229,37,1020,105577,R,193,CAN,24.57494867,60,785,6-2 6-4 6-4,R32,120,3,4,92,38,27,35,14,5,6,7,3,75,47,32,11,14,3,8
Australian Open,103970,R,175,ESP,32.79945243,10,4145,104468,R,183,FRA,30.06160164,20,1730,6-2 7-5 5-7 7-6(4),R32,217,4,5,138,88,55,24,22,5,12,3,4,147,86,50,28,22,7,16
Australian Open,105453,R,178,JPN,25.0568104,5,5025,105449,R,188,USA,25.07049966,38,993,6-7(7) 6-1 6-2 6-3,R32,149,15,5,120,78,58,25,18,6,7,8,8,122,73,51,17,18,3,10
Australian Open,104607,R,196,CZE,29.33880903,7,4660,104678,R,193,SRB,28.93908282,54,826,6-4 6-3 6-4,R32,111,20,0,77,44,39,22,15,0,0,11,5,100,72,50,8,14,9,12
Australian Open,106071,R,193,AUS,22.24503765,66,737,105032,R,,AUS,27.25256674,82,625,6-4 7-6(8) 6-3,R32,103,9,2,91,68,56,14,16,0,0,16,6,92,60,49,13,15,2,4
Australian Open,104731,R,203,RSA,28.67351129,15,2125,104755,R,185,FRA,28.58863792,28,1350,6-4 7-6(3) 7-6(6),R32,144,18,3,106,73,61,18,17,5,6,5,4,104,59,47,24,17,0,2
Australian Open,104745,L,185,ESP,28.62970568,3,6585,104534,R,175,ISR,29.79329227,106,520,6-1 6-0 7-5,R32,124,4,0,75,51,39,15,12,7,7,2,1,86,51,30,13,13,11,18
Australian Open,104918,R,190,GBR,27.68240931,6,4675,105311,R,,POR,25.80698152,55,822,6-1 6-1 7-5,R32,126,9,3,74,42,34,20,13,1,2,0,3,96,55,30,19,13,7,14
Australian Open,105777,R,188,BUL,23.67967146,11,3645,104571,R,183,CYP,29.59069131,78,658,4-6 6-3 3-6 6-3 6-3,R32,208,6,9,155,98,73,29,23,8,10,16,10,154,92,60,36,23,14,18
Australian Open,106401,R,,AUS,19.73169062,53,830,104291,R,185,TUN,30.99794661,75,676,6-3 7-6(6) 6-1,R32,118,27,2,101,72,58,14,15,3,3,6,2,90,47,34,21,13,5,8
Australian Open,104312,R,190,ITA,30.91033539,46,915,103819,R,185,SUI,33.44832307,2,9875,6-4 7-6(5) 4-6 7-6(5),R32,177,4,4,151,86,67,32,22,7,10,15,9,138,82,66,27,22,2,5
Australian Open,104925,R,188,SRB,27.66324435,1,11405,104180,L,193,LUX,31.69883641,42,964,6-4 7-5 7-5,R16,128,13,4,92,65,53,18,17,4,4,8,0,105,65,47,21,17,8,11
Australian Open,105683,R,196,CAN,24.06297057,8,4575,103852,L,188,ESP,33.33059548,14,2130,6-4 4-6 6-3 6-7(7) 6-3,R16,185,30,3,144,107,85,22,26,2,3,21,5,169,107,78,32,24,10,13
Australian Open,104527,R,183,SUI,29.81245722,4,5370,104198,R,188,ESP,31.62765229,37,1020,7-6(2) 6-4 4-6 7-6(8),R16,182,16,3,134,86,66,24,22,5,9,5,4,142,86,60,29,22,9,13
Australian Open,105453,R,178,JPN,25.0568104,5,5025,103970,R,175,ESP,32.79945243,10,4145,6-3 6-3 6-3,R16,127,7,3,96,54,38,25,13,5,6,2,5,108,70,39,16,14,11,17
Australian Open,104607,R,196,CZE,29.33880903,7,4660,106071,R,193,AUS,22.24503765,66,737,6-2 7-6(3) 6-2,R16,121,17,4,88,46,39,25,14,1,1,6,2,105,69,50,12,14,9,13
Australian Open,104745,L,185,ESP,28.62970568,3,6585,104731,R,203,RSA,28.67351129,15,2125,7-5 6-1 6-4,R16,126,3,3,88,59,46,19,15,6,6,8,3,73,53,36,13,14,2,6
Australian Open,104918,R,190,GBR,27.68240931,6,4675,105777,R,188,BUL,23.67967146,11,3645,6-4 6-7(5) 6-3 7-5,R16,212,12,4,136,91,70,18,22,4,8,4,3,153,108,73,14,21,12,19
Australian Open,106401,R,,AUS,19.73169062,53,830,104312,R,190,ITA,30.91033539,46,915,5-7 4-6 6-3 7-6(5) 8-6,R16,214,25,7,187,116,87,37,29,9,12,23,4,178,115,85,33,28,6,9
Australian Open,104925,R,188,SRB,27.66324435,1,11405,105683,R,196,CAN,24.06297057,8,4575,7-6(5) 6-4 6-2,QF,120,8,2,78,54,48,18,15,0,0,17,2,99,67,48,17,15,8,11
Australian Open,104527,R,183,SUI,29.81245722,4,5370,105453,R,178,JPN,25.0568104,5,5025,6-3 6-4 7-6(6),QF,124,21,4,91,56,48,19,16,3,4,6,2,94,58,43,18,15,8,11
Australian Open,104607,R,196,CZE,29.33880903,7,4660,104745,L,185,ESP,28.62970568,3,6585,6-2 6-0 7-6(5),QF,133,11,0,87,58,48,13,13,4,4,3,6,82,61,39,6,13,5,10
Australian Open,104918,R,190,GBR,27.68240931,6,4675,106401,R,,AUS,19.73169062,53,830,6-3 7-6(5) 6-3,QF,125,12,1,87,60,48,18,16,1,2,9,3,110,69,45,21,14,6,9
Australian Open,104925,R,188,SRB,27.66324435,1,11405,104527,R,183,SUI,29.81245722,4,5370,7-6(1) 3-6 6-4 4-6 6-0,SF,210,5,3,135,88,61,28,23,3,8,10,4,158,94,60,33,24,10,17
Australian Open,104918,R,190,GBR,27.68240931,6,4675,104607,R,196,CZE,29.33880903,7,4660,6-7(6) 6-0 6-3 7-5,SF,206,16,2,130,85,64,24,20,2,3,6,6,127,75,50,26,19,4,10
Australian Open,104925,R,188,SRB,27.66324435,1,11405,104918,R,190,GBR,27.68240931,6,4675,7-6(5) 6-7(4) 6-3 6-0,F,219,9,1,136,81,48,34,20,7,12,10,3,118,77,50,14,19,7,16
Roland Garros,104925,R,188,SRB,28.00821355,1,13845,103813,L,185,FIN,33.83709788,87,603,6-2 7-5 6-2,R128,123,6,1,87,65,47,13,14,5,6,2,0,95,52,36,15,14,7,13
Roland Garros,104180,L,193,LUX,32.04380561,55,868,103893,R,183,ITA,33.44010951,86,617,4-6 4-6 7-6(1) 7-6(5) 6-4,R128,242,19,4,168,106,84,30,27,7,12,11,4,177,111,80,36,27,6,10
Roland Garros,106423,R,,AUS,19.1211499,84,619,105932,R,,RUS,23.24982888,160,323,3-6 6-4 7-6(4) 6-2,R128,175,15,4,122,75,57,21,19,8,12,6,8,140,89,53,24,20,8,14
Roland Garros,106071,R,193,AUS,22.59000684,26,1320,104563,U,,ITA,29.97125257,102,505,6-3 3-6 6-3 6-4,R128,152,7,1,127,83,61,24,19,5,6,9,3,118,65,42,33,18,7,10
Roland Garros,104755,R,185,FRA,28.93360712,21,1625,105325,U,,BEL,26.09445585,209,229,6-3 6-4 6-0,R128,104,6,2,77,46,32,19,13,4,6,1,3,67,30,16,13,12,0,7
Roland Garros,104122,R,183,ARG,32.30390144,111,480,105011,R,185,UKR,27.70978782,127,427,4-6 3-6 6-3 7-5 6-2,R128,248,11,4,163,107,72,33,24,13,17,8,6,153,90,66,27,24,11,17
Roland Garros,104229,R,180,TPE,31.77823409,65,754,104882,R,188,SLO,28.22176591,79,649,6-7(4) 6-1 6-1 7-5,R128,182,15,2,138,89,68,20,19,9,11,11,2,141,100,63,14,19,10,18
Roland Garros,104731,R,203,RSA,29.01848049,17,1970,105065,R,175,USA,27.40041068,73,688,6-4 6-4 6-2,R128,113,9,6,84,48,42,20,14,10,10,0,2,85,60,40,12,14,6,10
Roland Garros,106058,R,185,USA,22.66392882,37,1125,105777,R,188,BUL,24.02464066,11,2760,7-6(7) 6-2 6-3,R128,115,3,5,104,58,47,28,15,6,6,4,4,84,54,37,19,14,5,8
Roland Garros,105807,R,,ESP,23.86858316,61,825,103607,R,173,DOM,34.80903491,49,945,6-3 6-1 6-0,R128,83,2,1,62,36,27,19,11,2,2,0,1,75,50,23,10,11,8,15
Roland Garros,106432,R,,CRO,18.52429843,46,970,105023,R,198,USA,27.63039014,38,1115,7-6(8) 6-3 0-6 6-3,R128,160,6,2,124,78,49,30,18,5,8,16,3,108,65,49,24,18,2,5
Roland Garros,103990,R,180,ESP,33.06502396,19,1755,104979,R,185,KAZ,27.84120465,135,386,3-6 6-1 7-5 6-3,R128,152,4,1,122,88,61,15,18,7,11,0,4,125,87,50,18,19,5,13
Roland Garros,103781,L,183,AUT,34.00684463,110,480,105173,L,183,FRA,26.90212183,32,1223,7-6(5) 6-3 7-6(4),R128,156,2,6,110,63,46,26,16,6,10,3,6,126,82,49,21,17,8,14
Roland Garros,105723,R,185,RUS,24.25188227,120,465,104291,R,185,TUN,31.34291581,85,618,6-3 6-2 6-4,R128,86,7,1,64,33,28,24,14,0,1,1,3,74,43,28,13,13,4,9
Roland Garros,104597,R,183,ESP,29.75770021,154,335,105238,R,180,UKR,26.54346338,69,705,6-3 2-6 6-4 7-6(6),R128,146,8,3,128,88,64,16,20,6,9,14,3,124,70,52,27,19,8,11
Roland Garros,104745,L,185,ESP,28.97467488,7,4570,111460,R,,FRA,18.57631759,296,159,6-3 6-3 6-4,R128,110,0,1,72,50,41,14,14,1,2,5,4,87,59,36,10,14,4,9
Roland Garros,104918,R,190,GBR,28.02737851,3,7040,106032,R,,ARG,22.80355921,137,385,6-3 6-3 6-1,R128,105,5,2,73,46,38,15,13,2,3,4,1,75,52,28,10,12,2,8
Roland Garros,105311,R,,POR,26.15195072,44,1008,105577,R,193,CAN,24.91991786,53,895,6-3 7-6(5) 6-1,R128,114,8,3,76,48,40,16,13,3,5,7,5,112,67,35,22,15,7,14
Roland Garros,106378,R,,GBR,20.37508556,121,447,103565,R,185,FRA,35.01984942,558,56,2-6 6-4 6-3 5-7 6-2,R128,177,8,2,160,94,59,31,24,10,18,7,4,144,82,54,24,23,6,15
Roland Garros,106401,R,,AUS,20.07665982,30,1250,104797,R,188,UZB,28.7118412,77,655,6-3 6-4 6-3,R128,98,7,2,89,62,49,11,14,9,11,5,4,89,59,33,16,14,5,11
Roland Garros,105676,R,163,BEL,24.46269678,18,1835,105936,R,185,SRB,23.23887748,99,527,3-6 6-2 7-6(3) 6-1,R128,140,12,6,99,49,40,24,17,3,7,6,4,124,78,43,21,19,6,14
Roland Garros,105053,R,188,COL,27.49075975,64,755,105385,L,183,USA,25.83709788,52,910,6-4 7-5 6-3,R128,151,6,1,91,61,38,15,15,2,7,3,5,125,72,38,21,16,18,27
Roland Garros,104871,R,188,FRA,28.27926078,45,985,103582,L,193,GER,34.89664613,145,361,4-6 6-3 6-4 6-4,R128,144,9,5,94,51,44,33,20,0,1,8,2,120,80,58,20,19,7,10
Roland Garros,104545,R,206,USA,30.07802875,16,1980,104312,R,190,ITA,31.25530459,39,1100,7-5 6-2 6-3,R128,101,21,0,87,65,49,11,15,2,4,2,6,93,56,35,15,14,8,14
Roland Garros,105227,R,198,CRO,26.65297741,10,3370,104898,R,190,NED,28.13415469,80,647,6-2 6-4 6-2,R128,97,14,1,70,45,40,15,13,1,1,3,2,86,59,36,11,13,1,6
Roland Garros,105063,L,,ITA,27.40862423,187,261,105902,R,183,AUS,23.34017796,83,626,4-6 6-7(5) 7-6(4) 7-6(2) 6-0,R128,250,13,5,186,103,81,49,26,14,16,16,9,187,101,77,43,26,13,17
Roland Garros,105668,R,203,POL,24.5284052,50,940,111506,R,,FRA,19.96167009,225,213,6-7(4) 6-3 6-4 6-4,R128,175,15,6,132,86,64,26,21,7,10,1,2,148,99,63,24,20,13,19
Roland Garros,104919,R,188,ARG,28.02737851,22,1580,106210,L,,CZE,21.87268994,41,1053,3-6 7-6(6) 6-3 5-7 6-2,R128,235,11,5,154,104,75,24,26,3,8,3,6,172,124,86,23,24,12,17
Roland Garros,104678,R,193,SRB,29.28405202,33,1217,105526,R,,GER,25.08145106,98,533,6-2 6-1 6-7(3) 6-1,R128,144,14,2,129,80,58,29,18,11,12,9,7,108,61,44,19,16,6,13
Roland Garros,104620,R,183,ITA,29.62628337,60,826,104327,R,178,BEL,31.19780972,76,664,6-3 6-4 6-3,R128,103,2,2,69,41,35,21,14,0,0,8,4,101,69,48,10,14,6,10
Roland Garros,104593,R,185,ESP,29.79603012,66,746,105154,R,193,BRA,26.99247091,78,650,7-6(5) 6-4 6-4,R128,149,4,4,120,82,62,15,16,10,12,0,1,108,85,52,11,16,4,8
Roland Garros,103970,R,175,ESP,33.14442163,8,4490,105041,R,185,SVK,27.55646817,94,567,6-1 6-3 6-1,R128,82,8,5,70,43,34,15,12,4,5,4,1,66,40,18,10,11,2,9
Roland Garros,105453,R,178,JPN,25.4017796,5,5220,103908,R,185,FRA,33.36344969,125,429,6-3 7-5 6-1,R128,130,7,3,79,39,31,23,14,1,3,2,3,99,50,30,19,14,8,15
Roland Garros,105064,L,188,BRA,27.40041068,40,1065,104594,R,194,AUS,29.79329227,100,526,6-1 6-2 6-4,R128,90,5,2,73,42,27,22,13,2,4,2,1,76,49,26,10,12,3,10
Roland Garros,103794,R,178,GER,33.93839836,48,965,105074,L,,BEL,27.35934292,95,546,6-3 6-7(5) 2-6 7-6(4) 6-2,R128,216,11,7,182,119,79,34,25,8,12,18,3,167,120,80,23,24,8,13
Roland Garros,104269,L,188,ESP,31.52361396,34,1180,106121,R,,JPN,22.32169747,168,303,6-3 6-4 6-2,R128,95,5,2,69,41,33,19,14,0,1,3,0,72,55,32,10,13,4,9
Roland Garros,105138,R,,ESP,27.11019849,20,1750,104252,R,190,GER,31.63586585,527,63,6-3 6-1 6-3,R128,93,4,0,74,51,41,14,13,2,3,3,3,83,53,28,13,12,7,13
Roland Garros,104586,R,196,CZE,29.83436003,43,1035,111200,R,,SWE,19.1211499,175,283,6-2 7-6(7) 6-3,R128,114,6,4,82,50,42,22,15,0,1,1,2,93,50,32,25,14,3,7
Roland Garros,104338,R,185,ARG,31.15400411,35,1170,105643,L,190,ARG,24.63518138,82,627,6-7(4) 6-2 6-1 6-7(6) 6-2,R128,208,0,1,135,103,68,20,23,4,9,4,8,165,106,68,22,24,12,24
Roland Garros,104559,R,188,RUS,30.00410678,74,677,103852,L,188,ESP,33.67556468,12,2280,6-3 7-6(9) 6-3,R128,130,9,3,108,73,53,23,16,2,2,10,2,90,55,41,21,14,8,10
Roland Garros,104542,R,188,FRA,30.1026694,15,2045,105872,U,,SWE,23.50992471,214,225,6-1 6-2 6-2,R128,92,4,2,63,44,40,11,12,1,1,0,5,75,43,27,10,11,7,13
Roland Garros,104534,R,175,ISR,30.13826146,91,580,105062,R,183,KAZ,27.41136208,58,842,7-6(5) 6-3 7-6(4),R128,152,1,3,122,78,56,22,17,5,8,3,1,112,69,44,21,16,2,6
Roland Garros,104665,R,180,ESP,29.33333333,42,1050,105077,L,188,ESP,27.35112936,63,780,6-2 6-4 7-6(3),R128,158,2,2,102,67,46,19,15,7,10,7,2,114,67,39,21,15,10,16
Roland Garros,104259,R,178,GER,31.60574949,28,1285,104424,R,178,JPN,30.71594798,92,575,6-1 6-0 6-2,R128,86,5,2,61,36,31,16,11,1,1,0,1,64,36,14,13,10,3,10
Roland Garros,104926,R,178,ITA,28.00273785,27,1295,105147,R,180,JPN,27.01711157,106,494,6-3 6-2 6-2,R128,93,9,3,80,51,37,19,13,5,6,3,1,69,44,26,10,12,4,10
Roland Garros,105332,R,196,FRA,26.04517454,71,698,105671,R,178,POR,24.49828884,152,342,5-7 6-3 4-6 6-4 6-2,R128,179,11,6,150,83,61,36,25,10,15,6,7,165,82,55,42,24,7,14
Roland Garros,103285,R,185,CZE,36.49007529,129,422,104471,R,183,CRO,30.39014374,119,466,5-7 6-3 6-4 6-1,R128,161,9,1,114,76,57,20,19,9,11,9,4,94,55,36,21,19,2,8
Roland Garros,104607,R,196,CZE,29.68377823,4,5230,106415,L,,JPN,19.65776865,146,360,6-0 7-5 6-3,R128,107,3,2,75,51,42,16,14,3,3,0,1,82,52,30,15,13,7,12
Roland Garros,104527,R,183,SUI,30.15742642,9,3845,104947,R,190,TUR,27.95345654,81,647,6-3 6-2 6-3,R128,96,10,5,86,50,39,21,13,6,6,6,2,96,60,39,13,13,8,13
Roland Garros,105583,R,180,SRB,24.90075291,67,730,104216,R,175,ARG,31.84668036,114,471,6-3 6-3 6-1,R128,108,2,1,78,62,46,11,13,2,2,0,1,89,56,30,17,12,8,13
Roland Garros,104660,R,193,UKR,29.3798768,54,894,105575,R,175,LTU,24.92539357,93,573,6-2 7-5 6-1,R128,84,4,2,75,45,38,19,14,0,1,0,4,89,58,31,16,13,4,10
Roland Garros,105449,R,188,USA,25.41546886,56,850,104198,R,188,ESP,31.97262149,24,1335,6-3 6-3 6-7(1) 3-6 6-3,R128,209,9,6,160,91,59,39,24,10,15,4,5,155,89,57,35,24,6,14
Roland Garros,105208,R,190,LAT,26.73237509,29,1275,104997,R,190,NED,27.76728268,166,311,6-4 6-4 7-6(3),R128,139,15,5,96,54,42,25,16,4,6,0,1,110,78,50,15,16,5,9
Roland Garros,103917,R,190,FRA,33.33880903,116,469,106293,R,,BEL,21.29226557,107,494,6-3 6-4 7-6(4),R128,145,15,0,117,79,56,17,16,10,13,6,3,102,69,42,19,15,9,14
Roland Garros,105373,L,190,SVK,25.86995209,36,1170,126207,R,,USA,17.34154689,287,168,6-2 6-1 6-4,R128,100,5,2,69,46,38,13,13,4,5,11,2,90,54,33,12,12,8,14
Roland Garros,104468,R,183,FRA,30.40657084,13,2210,106298,R,,FRA,21.24845996,90,581,3-6 6-1 6-2 6-4,R128,136,7,3,94,51,42,23,17,3,5,4,4,106,52,30,30,17,9,15
Roland Garros,104792,R,193,FRA,28.72826831,14,2065,104273,R,188,FRA,31.4880219,123,432,6-2 6-7(5) 6-1 7-5,R128,158,18,7,136,82,62,26,20,12,15,3,3,124,83,51,18,19,4,12
Roland Garros,106043,R,,ARG,22.770705,62,785,104890,R,190,AUT,28.17522245,51,926,6-3 5-7 6-3 7-6(5),R128,174,7,3,133,83,55,31,21,3,7,8,11,151,79,56,32,21,13,19
Roland Garros,106233,R,,AUT,21.72210815,31,1225,105379,R,181,GBR,25.85078713,75,668,6-3 6-4 6-7(6) 6-3,R128,202,9,5,149,86,64,30,21,5,8,9,6,156,81,57,31,19,10,16
Roland Garros,104655,R,180,URU,29.39356605,23,1502,105032,R,,AUS,27.59753593,72,691,6-7(5) 6-3 6-3 6-3,R128,149,4,0,116,81,62,24,20,4,5,18,2,113,60,39,34,19,3,8
Roland Garros,104571,R,183,CYP,29.93566051,59,832,103333,R,208,CRO,36.23545517,25,1330,7-6(5) 6-4 6-4,R128,141,8,8,100,36,32,40,16,2,3,21,11,112,67,51,23,16,11,14
Roland Garros,106000,R,172,BIH,23.01163587,88,601,104022,R,183,RUS,32.91444216,68,720,6-2 6-1 RET,R128,62,0,0,43,28,23,6,7,2,3,0,3,50,35,18,2,8,8,14
Roland Garros,104719,R,190,ESP,29.11704312,57,845,104897,R,188,GER,28.14510609,124,431,6-4 6-3 7-6(7),R128,153,8,5,114,61,52,23,15,7,7,1,8,100,63,41,19,16,4,7
Roland Garros,103819,R,185,SUI,33.79329227,2,9235,104268,L,185,COL,31.52635181,109,485,6-3 6-3 6-4,R128,110,8,0,81,58,45,15,14,2,2,2,4,109,74,48,16,14,12,16
Roland Garros,104925,R,188,SRB,28.00821355,1,13845,104180,L,193,LUX,32.04380561,55,868,6-1 6-4 6-4,R64,106,3,1,73,50,42,15,14,3,4,4,6,85,46,31,16,13,7,12
Roland Garros,106423,R,,AUS,19.1211499,84,619,106071,R,193,AUS,22.59000684,26,1320,3-6 3-6 6-3 6-4 8-6,R64,202,19,8,141,83,66,30,26,9,14,6,3,171,106,71,34,25,17,22
Roland Garros,104755,R,185,FRA,28.93360712,21,1625,104122,R,183,ARG,32.30390144,111,480,3-6 6-3 6-1 4-6 6-1,R64,202,2,2,119,77,61,19,21,0,2,4,1,132,73,50,30,21,8,14
Roland Garros,104731,R,203,RSA,29.01848049,17,1970,104229,R,180,TPE,31.77823409,65,754,5-7 6-4 6-4 6-4,R64,167,21,1,122,83,64,19,21,3,6,8,3,132,73,55,27,21,9,14
Roland Garros,106058,R,185,USA,22.66392882,37,1125,105807,R,,ESP,23.86858316,61,825,6-7(2) 7-6(4) 6-1 7-6(4),R64,207,6,13,182,90,64,47,22,12,15,6,2,135,81,57,26,21,3,8
Roland Garros,106432,R,,CRO,18.52429843,46,970,103990,R,180,ESP,33.06502396,19,1755,7-5 3-6 6-2 4-6 6-4,R64,227,3,4,165,81,50,49,24,13,19,7,2,139,78,55,30,25,7,15
Roland Garros,105723,R,185,RUS,24.25188227,120,465,103781,L,183,AUT,34.00684463,110,480,6-1 5-7 7-6(0) 7-5,R64,166,4,6,127,73,55,29,21,4,8,4,7,145,89,55,27,22,7,14
Roland Garros,104745,L,185,ESP,28.97467488,7,4570,104597,R,183,ESP,29.75770021,154,335,6-4 6-3 6-1,R64,139,5,3,93,63,46,13,13,6,7,2,2,92,62,34,14,13,10,16
Roland Garros,104918,R,190,GBR,28.02737851,3,7040,105311,R,,POR,26.15195072,44,1008,6-2 4-6 6-4 6-1,R64,150,4,3,90,51,42,22,17,2,4,2,3,119,74,49,18,18,6,13
Roland Garros,106401,R,,AUS,20.07665982,30,1250,106378,R,,GBR,20.37508556,121,447, W/O,R64,,,,,,,,,,,,,,,,,,,
Roland Garros,105676,R,163,BEL,24.46269678,18,1835,105053,R,188,COL,27.49075975,64,755,6-3 4-6 7-5 6-2,R64,155,5,5,122,66,50,31,20,4,7,2,3,110,60,43,25,19,9,15
Roland Garros,104871,R,188,FRA,28.27926078,45,985,104545,R,206,USA,30.07802875,16,1980,6-4 4-6 6-3 6-3,R64,143,10,2,107,80,63,12,19,3,5,15,1,110,79,52,15,19,5,10
Roland Garros,105227,R,198,CRO,26.65297741,10,3370,105063,L,,ITA,27.40862423,187,261,7-6(3) 6-1 6-1,R64,99,10,0,77,43,35,23,13,3,3,3,5,84,54,34,12,13,0,5
Roland Garros,104919,R,188,ARG,28.02737851,22,1580,105668,R,203,POL,24.5284052,50,940,6-4 6-4 6-7(1) 6-1,R64,158,13,4,112,72,61,21,20,6,8,4,5,131,97,63,14,19,10,16
Roland Garros,104620,R,183,ITA,29.62628337,60,826,104678,R,193,SRB,29.28405202,33,1217,6-2 6-4 6-3,R64,117,6,1,83,62,46,10,14,5,6,9,3,92,50,31,16,13,6,11
Roland Garros,103970,R,175,ESP,33.14442163,8,4490,104593,R,185,ESP,29.79603012,66,746,6-3 6-2 6-1,R64,91,0,5,67,39,33,18,12,2,2,1,5,77,49,28,11,12,3,9
Roland Garros,105453,R,178,JPN,25.4017796,5,5220,105064,L,188,BRA,27.40041068,40,1065,7-5 6-4 6-4,R64,142,3,3,94,54,44,21,16,1,3,6,10,103,66,42,18,16,7,12
Roland Garros,103794,R,178,GER,33.93839836,48,965,104269,L,188,ESP,31.52361396,34,1180,6-4 0-6 1-6 7-5 10-8,R64,193,10,1,162,107,75,26,26,5,11,14,4,146,104,74,30,27,4,8
Roland Garros,104586,R,196,CZE,29.83436003,43,1035,105138,R,,ESP,27.11019849,20,1750,6-4 6-2 6-2,R64,80,5,4,65,39,33,16,13,0,1,3,0,75,55,34,7,13,10,16
Roland Garros,104559,R,188,RUS,30.00410678,74,677,104338,R,185,ARG,31.15400411,35,1170,6-3 6-4 6-2,R64,105,5,1,86,56,45,19,14,11,11,3,3,83,58,32,15,13,3,7
Roland Garros,104542,R,188,FRA,30.1026694,15,2045,104534,R,175,ISR,30.13826146,91,580,6-4 6-1 6-1,R64,90,5,1,63,34,30,19,12,1,1,1,2,77,50,29,11,12,6,12
Roland Garros,104665,R,180,ESP,29.33333333,42,1050,104259,R,178,GER,31.60574949,28,1285,6-1 7-6(5) 3-6 3-6 6-4,R64,211,1,4,148,97,62,32,24,7,12,12,6,162,92,64,36,23,6,11
Roland Garros,105332,R,196,FRA,26.04517454,71,698,104926,R,178,ITA,28.00273785,27,1295,6-1 6-3 7-5,R64,100,4,1,82,44,32,25,14,4,6,1,5,102,73,39,14,14,12,19
Roland Garros,104607,R,196,CZE,29.68377823,4,5230,103285,R,185,CZE,36.49007529,129,422,6-3 6-7(7) 6-3 6-3,R64,199,13,0,142,79,58,36,20,8,9,6,6,137,93,59,24,19,9,14
Roland Garros,104527,R,183,SUI,30.15742642,9,3845,105583,R,180,SRB,24.90075291,67,730,6-3 6-4 5-7 6-3,R64,156,11,9,131,57,40,38,20,6,11,3,1,133,77,45,25,20,12,20
Roland Garros,105449,R,188,USA,25.41546886,56,850,104660,R,193,UKR,29.3798768,54,894,2-6 6-3 7-6(5) 7-6(6),R64,146,7,1,128,83,64,22,21,6,10,9,4,123,87,61,21,20,5,8
Roland Garros,103917,R,190,FRA,33.33880903,116,469,105208,R,190,LAT,26.73237509,29,1275,6-3 3-6 7-5 6-3,R64,186,7,3,130,79,54,28,20,6,10,10,9,112,60,44,22,19,8,14
Roland Garros,104468,R,183,FRA,30.40657084,13,2210,105373,L,190,SVK,25.86995209,36,1170,7-5 6-2 6-3,R64,128,3,3,95,49,35,24,15,4,7,3,6,77,46,28,13,14,4,11
Roland Garros,104792,R,193,FRA,28.72826831,14,2065,106043,R,,ARG,22.770705,62,785,4-6 6-4 4-6 6-2 6-3,R64,169,21,9,133,90,71,22,24,4,8,4,5,146,93,63,24,23,11,17
Roland Garros,104655,R,180,URU,29.39356605,23,1502,106233,R,,AUT,21.72210815,31,1225,7-6(7) 7-5 6-7(5) 7-5,R64,231,12,3,201,126,80,44,24,20,22,6,3,156,80,64,37,24,5,9
Roland Garros,106000,R,172,BIH,23.01163587,88,601,104571,R,183,CYP,29.93566051,59,832,6-4 6-3 4-6 6-2,R64,144,2,3,108,69,47,24,18,2,5,1,2,122,55,35,32,19,12,19
Roland Garros,103819,R,185,SUI,33.79329227,2,9235,104719,R,190,ESP,29.11704312,57,845,6-2 7-6(1) 6-3,R64,107,3,0,77,49,40,20,15,1,3,2,3,94,62,38,14,14,3,8
Roland Garros,104925,R,188,SRB,28.00821355,1,13845,106423,R,,AUS,19.1211499,84,619,6-4 6-4 6-4,R32,109,4,0,76,58,49,12,15,0,0,8,3,81,56,41,14,15,5,8
Roland Garros,104755,R,185,FRA,28.93360712,21,1625,104731,R,203,RSA,29.01848049,17,1970,4-6 7-6(4) 7-5 6-4,R32,213,3,3,144,81,62,37,22,12,13,22,3,145,104,76,18,22,10,12
Roland Garros,106058,R,185,USA,22.66392882,37,1125,106432,R,,CRO,18.52429843,46,970,6-2 6-1 6-4,R32,106,6,6,71,34,30,23,13,1,1,3,2,77,41,24,18,12,5,10
Roland Garros,104745,L,185,ESP,28.97467488,7,4570,105723,R,185,RUS,24.25188227,120,465,6-1 6-3 6-2,R32,121,1,1,80,47,27,23,12,4,6,2,2,81,44,22,16,12,6,14
Roland Garros,104918,R,190,GBR,28.02737851,3,7040,106401,R,,AUS,20.07665982,30,1250,6-4 6-2 6-3,R32,119,12,4,89,48,36,20,13,8,10,2,7,102,78,41,10,14,6,13
Roland Garros,104871,R,188,FRA,28.27926078,45,985,105676,R,163,BEL,24.46269678,18,1835,6-3 6-4 6-2,R32,105,5,0,85,59,41,16,14,2,4,3,0,80,51,31,13,13,5,11
Roland Garros,105227,R,198,CRO,26.65297741,10,3370,104919,R,188,ARG,28.02737851,22,1580,6-3 6-2 6-4,R32,125,10,0,88,58,44,17,14,5,6,5,5,86,50,33,15,13,4,9
Roland Garros,103970,R,175,ESP,33.14442163,8,4490,104620,R,183,ITA,29.62628337,60,826,6-3 1-6 5-7 6-0 6-1,R32,192,5,5,132,83,60,25,21,5,8,3,3,146,101,70,16,20,17,23
Roland Garros,105453,R,178,JPN,25.4017796,5,5220,103794,R,178,GER,33.93839836,48,965, W/O,R32,,,,,,,,,,,,,,,,,,,
Roland Garros,104559,R,188,RUS,30.00410678,74,677,104586,R,196,CZE,29.83436003,43,1035,6-4 6-4 6-4,R32,97,8,2,84,55,40,21,15,6,7,6,1,83,46,31,18,15,1,5
Roland Garros,104542,R,188,FRA,30.1026694,15,2045,104665,R,180,ESP,29.33333333,42,1050,7-6(3) 6-4 6-3,R32,151,11,4,99,65,48,17,15,3,6,3,3,117,81,48,17,16,8,14
Roland Garros,104607,R,196,CZE,29.68377823,4,5230,105332,R,196,FRA,26.04517454,71,698,6-1 6-7(5) 6-3 6-4,R32,157,1,6,122,71,54,27,20,2,5,11,10,134,61,40,32,18,4,11
Roland Garros,104527,R,183,SUI,30.15742642,9,3845,105449,R,188,USA,25.41546886,56,850,6-4 6-3 6-2,R32,89,8,0,76,41,38,21,14,0,0,4,2,78,48,35,11,13,5,9
Roland Garros,104468,R,183,FRA,30.40657084,13,2210,103917,R,190,FRA,33.33880903,116,469,6-2 6-7(6) 6-7(6) 6-3 6-1,R32,227,4,5,150,74,54,46,24,8,11,5,4,153,94,66,21,24,6,15
Roland Garros,104792,R,193,FRA,28.72826831,14,2065,104655,R,180,URU,29.39356605,23,1502,4-6 7-6(1) 3-6 6-4 6-3,R32,203,10,7,152,100,68,25,25,6,12,5,6,169,109,67,34,25,15,21
Roland Garros,103819,R,185,SUI,33.79329227,2,9235,106000,R,172,BIH,23.01163587,88,601,6-4 6-3 6-2,R32,88,4,1,82,53,36,19,13,4,5,3,2,81,57,32,12,14,2,8
Roland Garros,104925,R,188,SRB,28.00821355,1,13845,104755,R,185,FRA,28.93360712,21,1625,6-1 6-2 6-3,R16,120,4,0,80,61,42,13,12,8,9,4,1,94,55,35,10,12,16,23
Roland Garros,104745,L,185,ESP,28.97467488,7,4570,106058,R,185,USA,22.66392882,37,1125,6-3 6-1 5-7 6-2,R16,172,1,2,98,65,45,19,18,3,7,2,9,122,56,31,31,18,12,21
Roland Garros,104918,R,190,GBR,28.02737851,3,7040,104871,R,188,FRA,28.27926078,45,985,6-4 3-6 6-3 6-2,R16,171,4,2,104,65,49,16,18,2,6,4,10,129,79,51,20,18,9,16
Roland Garros,103970,R,175,ESP,33.14442163,8,4490,105227,R,198,CRO,26.65297741,10,3370,6-2 6-2 6-4,R16,110,2,3,77,49,38,17,13,4,4,6,3,86,51,32,16,13,6,11
Roland Garros,105453,R,178,JPN,25.4017796,5,5220,104559,R,188,RUS,30.00410678,74,677,6-3 6-4 6-2,R16,115,5,5,86,57,47,13,14,1,2,2,5,101,60,36,19,13,11,16
Roland Garros,104542,R,188,FRA,30.1026694,15,2045,104607,R,196,CZE,29.68377823,4,5230,6-3 6-2 6-7(5) 6-3,R16,178,13,4,121,79,61,24,20,2,4,7,2,107,62,43,23,18,4,10
Roland Garros,104527,R,183,SUI,30.15742642,9,3845,104468,R,183,FRA,30.40657084,13,2210,6-1 6-4 6-2,R16,111,5,4,80,34,27,27,13,2,3,3,7,87,37,23,23,12,14,20
Roland Garros,103819,R,185,SUI,33.79329227,2,9235,104792,R,193,FRA,28.72826831,14,2065,6-3 4-6 6-4 6-1,R16,130,2,1,100,61,45,25,18,2,4,6,4,122,76,47,21,18,7,13
Roland Garros,104925,R,188,SRB,28.00821355,1,13845,104745,L,185,ESP,28.97467488,7,4570,7-5 6-3 6-1,QF,146,3,0,80,50,38,18,14,3,5,3,2,93,56,33,14,14,11,18
Roland Garros,104918,R,190,GBR,28.02737851,3,7040,103970,R,175,ESP,33.14442163,8,4490,7-6(4) 6-2 5-7 6-1,QF,196,9,2,126,73,57,22,20,6,11,2,11,124,69,47,19,19,8,16
Roland Garros,104542,R,188,FRA,30.1026694,15,2045,105453,R,178,JPN,25.4017796,5,5220,6-1 6-4 4-6 3-6 6-3,QF,225,10,1,118,72,60,23,23,3,7,5,6,160,106,71,23,22,13,19
Roland Garros,104527,R,183,SUI,30.15742642,9,3845,103819,R,185,SUI,33.79329227,2,9235,6-4 6-3 7-6(4),QF,129,4,0,92,50,44,26,15,4,4,7,0,112,71,48,23,16,5,8
Roland Garros,104925,R,188,SRB,28.00821355,1,13845,104918,R,190,GBR,28.02737851,3,7040,6-3 6-3 5-7 5-7 6-1,SF,249,8,2,141,98,67,29,25,1,4,12,1,149,98,63,28,24,13,19
Roland Garros,104527,R,183,SUI,30.15742642,9,3845,104542,R,188,FRA,30.1026694,15,2045,6-3 6-7(1) 7-6(3) 6-4,SF,226,15,6,157,82,62,44,22,16,17,8,2,147,102,73,25,21,12,15
Roland Garros,104527,R,183,SUI,30.15742642,9,3845,104925,R,188,SRB,28.00821355,1,13845,4-6 6-4 6-3 6-4,F,192,9,3,126,84,64,21,20,8,10,6,0,128,83,52,24,19,11,15
